age,workclass,fnlwgt,education,education-num,marital-status,occupation,relationship,race,sex,capital-gain,capital-loss,hours-per-week,native-country,income
44, Private,50276, HS-grad,9, Never-married, Exec-managerial, Not-in-family, White, Male,0,1564,55, England, >50K
18, Private,123856, 11th,7, Never-married, Sales, Own-child, White, Female,0,0,49, United-States, <=50K
27, Private,44767, HS-grad,9, Married-civ-spouse, Farming-fishing, Husband, White, Male,0,0,40, United-States, <=50K
34, Private,108454, Some-college,10, Married-civ-spouse, Exec-managerial, Husband, White, Male,0,0,45, United-States, <=50K
29, Private,126399, HS-grad,9, Divorced, Sales, Unmarried, White, Female,0,0,32, United-States, <=50K
30, Private,231263, HS-grad,9, Married-civ-spouse, Sales, Husband, White, Male,0,0,40, United-States, <=50K
30, Self-emp-not-inc,196342, Some-college,10, Never-married, Sales, Own-child, White, Male,0,0,25, United-States, <=50K
22, Private,287988, Some-college,10, Never-married, Sales, Not-in-family, White, Male,0,0,20, United-States, <=50K
27, Private,218785, HS-grad,9, Married-civ-spouse, Exec-managerial, Wife, White, Female,0,0,40, United-States, <=50K
31, Local-gov,206297, HS-grad,9, Married-civ-spouse, Protective-serv, Husband, White, Male,0,0,40, United-States, >50K
70, Self-emp-not-inc,177199, HS-grad,9, Married-civ-spouse, Exec-managerial, Husband, White, Male,0,0,3, United-States, <=50K
37, Private,280966, Assoc-acdm,10, Married-civ-spouse, Machine-op-inspct, Husband, Other, Male,0,0,50, United-States, >50K
33, Private,219838, 10th,6, Married-civ-spouse, Farming-fishing, Husband, White, Male,0,0,40, United-States, <=50K
45, State-gov,94754, Masters,14, Married-civ-spouse, Adm-clerical, Husband, White, Male,0,0,40, India, <=50K
42, Private,236021, HS-grad,9, Married-civ-spouse, Craft-repair, Unmarried, White, Male,0,0,40, ?, >50K
35, State-gov,211115, Some-college,10, Never-married, Protective-serv, Not-in-family, Black, Male,0,0,40, United-States, <=50K
57, Self-emp-not-inc,275943, 7th-8th,4, Married-civ-spouse, Prof-specialty, Husband, White, Male,0,0,40, ?, <=50K
40, Federal-gov,163215, Bachelors,13, Never-married, Prof-specialty, Not-in-family, White, Female,0,0,40, ?, <=50K
39, Private,484475, 11th,7, Never-married, Craft-repair, Not-in-family, Black, Male,0,0,40, United-States, <=50K
61, Private,192237, 10th,6, Divorced, Sales, Unmarried, White, Female,0,0,40, United-States, <=50K
48, State-gov,120131, HS-grad,9, Divorced, Craft-repair, Own-child, White, Male,8614,0,40, United-States, >50K
38, Private,146091, 9th,16, Married-civ-spouse, Exec-managerial, Wife, White, Female,99999,0,36, United-States, >50K
38, Private,212245, Some-college,10, Married-civ-spouse, Craft-repair, Husband, White, Male,0,0,40, United-States, <=50K
28, Private,183151, 11th,7, Married-civ-spouse, Handlers-cleaners, Husband, White, Male,7688,0,40, United-States, >50K
44, Private,106900, 7th-8th,13, Married-civ-spouse, Prof-specialty, Husband, White, Male,0,0,60, United-States, <=50K
20, ?,250037, Some-college,10, Never-married, ?, Own-child, White, Female,0,0,18, ?, <=50K
31, Private,191834, Some-college,10, Married-civ-spouse, Craft-repair, Husband, White, Male,0,0,40, United-States, >50K
58, Private,322691, Bachelors,13, Married-civ-spouse, Machine-op-inspct, Husband, White, Male,0,0,40, United-States, >50K
33, Private,168981, Masters,14, Divorced, Exec-managerial, Own-child, White, Female,14084,0,50, United-States, >50K
23, ?,218415, Some-college,10, Never-married, ?, Own-child, White, Female,0,0,10, United-States, <=50K
37, Private,114765, Some-college,10, Never-married, Machine-op-inspct, Not-in-family, White, Female,0,0,40, United-States, <=50K
41, Private,169104, Bachelors,13, Married-civ-spouse, Craft-repair, Husband, Asian-Pac-Islander, Male,0,0,40, Italy, >50K
55, Private,139843, HS-grad,9, Divorced, Exec-managerial, Not-in-family, White, Female,0,0,60, United-States, <=50K
30, Private,151001, 5th-6th,3, Married-civ-spouse, Machine-op-inspct, Husband, White, Male,3464,0,40, Mexico, <=50K
40, Private,245529, Assoc-acdm,12, Divorced, Prof-specialty, Not-in-family, White, Female,0,0,40, United-States, <=50K
22, ?,244771, 11th,7, Separated, ?, Unmarried, Black,ifvboih,0,0,40, United-States, <=50K
42, Private,235700, HS-grad,9, Divorced, Handlers-cleaners, Not-in-family, White, Female,0,0,40, United-States, <=50K
25, State-gov,328697, Some-college,10, Divorced, Protective-serv, Other-relative, White, Male,0,0,45, United-States, <=50K
23, Private,110677, Some-college,10, Never-married, Other-service, Own-child, White, Female,0,0,15, United-States, <=50K
49, Private,148475, Assoc-voc,11, Divorced, Tech-support, Unmarried, White, Female,0,0,40, United-States, <=50K
57, Private,89392, Masters,14, Married-spouse-absent, Prof-specialty, Not-in-family, White, Female,0,0,40, United-States, <=50K
25, Private,113035, Some-college,10, Never-married, Exec-managerial, Own-child, White, Male,0,0,40, United-States, <=50K
22, Private,105043, Some-college,10, Never-married, Adm-clerical, Unmarried, White, Female,0,0,40, United-States, <=50K
41, Local-gov,184466, Masters,14, Married-civ-spouse, Prof-specialty, Husband, White, Male,0,0,38, United-States, >50K
60, Private,349898, HS-grad,9, Widowed, Other-service, Not-in-family, White, Female,0,0,44, United-States, <=50K
28, Private,180007, Some-college,10, Never-married, Handlers-cleaners, Own-child, White, Male,0,0,40, United-States, <=50K
20, Private,236769, Some-college,10, Never-married, Handlers-cleaners, Own-child, White, Male,0,0,40, United-States, <=50K
28, Private,171067, HS-grad,9, Never-married, Handlers-cleaners, Own-child, White, Female,0,0,40, United-States, <=50K
49, Private,32212, HS-grad,9, Married-civ-spouse, Exec-managerial, Wife, White, Female,0,0,43, United-States, <=50K
47, Local-gov,183486, Bachelors,13, Married-civ-spouse, Prof-specialty, Wife, White, Female,0,0,50, United-States, >50K
46, Private,283037, Bachelors,13, Married-civ-spouse, Exec-managerial, Husband, White, Male,0,0,50, United-States, >50K
29, Private,180299, Some-college,10, Married-civ-spouse, Transport-moving, Husband, White, Male,0,0,35, United-States, <=50K
17, Private,342752, 11th,7, Never-married, Handlers-cleaners, Own-child, White, Male,0,0,20, United-States, <=50K
24, Private,241951, HS-grad,9, Never-married, Handlers-cleaners, Unmarried, Black, Female,0,0,40, United-States, <=50K
27, Private,153291, Prof-school,15, Married-civ-spouse, Prof-specialty, Wife, White, Female,0,0,50, United-States, >50K
19, Private,181572, Some-college,10, Never-married, Adm-clerical, Own-child, White, Male,0,0,40, United-States, <=50K
27, Private,113635, HS-grad,9, Never-married, Craft-repair, Not-in-family, White, Male,0,0,35, Ireland, <=50K
25, State-gov,194954, Some-college,10, Married-civ-spouse, Other-service, Wife, White, Female,0,0,15, United-States, <=50K
56, Federal-gov,255386, Some-college,10, Married-civ-spouse, Adm-clerical, Husband, Asian-Pac-Islander, Male,0,0,40, Laos, <=50K
63, Private,213095, Bachelors,13, Married-civ-spouse, Exec-managerial, Husband, White, Male,0,0,50, United-States, >50K
56, Self-emp-not-inc,249368, HS-grad,9, Married-spouse-absent, Exec-managerial, Not-in-family, White, Male,0,0,70, United-States, <=50K
46, Private,256522, 1st-4th,2, Never-married, Machine-op-inspct, Own-child, White, Male,0,0,40, Puerto-Rico, <=50K
20, Private,145917, Some-college,10, Never-married, Adm-clerical, Own-child, White, Female,0,0,15, United-States, <=50K
44, Private,197344, HS-grad,9, Never-married, Handlers-cleaners, Not-in-family, White, Male,0,0,50, United-States, <=50K
34, Private,265807, Some-college,10, Separated, Craft-repair, Not-in-family, White, Male,0,0,45, United-States, <=50K
34, Federal-gov,284703, Some-college,10, Married-civ-spouse, Machine-op-inspct, Husband, Black, Male,0,0,52, United-States, <=50K
27, State-gov,192355, Bachelors,13, Never-married, Prof-specialty, Not-in-family, White, Male,0,0,50, United-States, <=50K
54, Private,123011, HS-grad,9, Married-civ-spouse, Machine-op-inspct, Husband, White, Male,0,0,40, Poland, >50K
21, ?,277700, Some-college,10, Never-married, ?, Own-child, White, Male,0,0,20, United-States, <=50K
33, State-gov,357691, Masters,14, Married-civ-spouse, Protective-serv, Husband, Black, Male,0,0,40, United-States, <=50K
30, Private,168443, HS-grad,9, Separated, Other-service, Unmarried, White, Female,0,0,30, United-States, <=50K
22, Private,180052, Some-college,10, Never-married, Sales, Own-child, White, Male,0,0,20, United-States, <=50K
23, Private,211678, Some-college,10, Never-married, Machine-op-inspct, Not-in-family, White, Male,0,0,40, United-States, <=50K
18, Self-emp-inc,147612, HS-grad,9, Never-married, Farming-fishing, Own-child, White, Female,0,0,8, United-States, <=50K
69, Self-emp-not-inc,206297, 7th-8th,4, Married-civ-spouse, Sales, Husband, White, Male,0,0,55, United-States, <=50K
24, Private,418405, HS-grad,9, Married-civ-spouse, Craft-repair, Husband, White, Male,0,0,40, United-States, <=50K
28, Private,441620, Bachelors,13, Never-married, Transport-moving, Not-in-family, White, Male,0,0,43, Mexico, <=50K
20, Private,175069, Some-college,10, Never-married, Adm-clerical, Own-child, White, Male,0,0,40, Yugoslavia, <=50K
48, Private,117849, Some-college,10, Married-civ-spouse, Prof-specialty, Husband, White, Male,0,0,40, United-States, >50K
38, Private,277022, Some-college,9, Divorced, Adm-clerical, Unmarried, White, Female,0,0,40, Columbia, <=50K
52, Private,202071, HS-grad,9, Widowed, Craft-repair, Own-child, White, Female,0,0,40, United-States, <=50K
39, Private,176279, Bachelors,13, Divorced, Sales, Not-in-family, White, Female,0,0,40, United-States, <=50K
41, Self-emp-inc,151089, Some-college,10, Married-civ-spouse, Exec-managerial, Husband, White, Male,0,0,50, United-States, <=50K
34, Private,160449, HS-grad,9, Married-civ-spouse, Machine-op-inspct, Husband, White, Male,0,0,44, United-States, >50K
36, State-gov,112074, Doctorate,16, Never-married, Prof-specialty, Not-in-family, White, Male,0,0,45, United-States, <=50K
24, Private,283757, Bachelors,13, Never-married, Adm-clerical, Own-child, White, Male,0,0,39, United-States, <=50K
42, Private,366180, Some-college,10, Married-civ-spouse, Exec-managerial, Husband, White, Male,0,0,55, United-States, >50K
27, Private,208249, HS-grad,9, Married-civ-spouse, Handlers-cleaners, Husband, White, Male,0,0,62, United-States, <=50K
47, Private,256866, HS-grad,9, Married-civ-spouse, Transport-moving, Husband, White, Male,0,0,48, United-States, <=50K
41, Private,103980, Some-college,10, Married-civ-spouse, Prof-specialty, Husband, White, Male,0,0,52, United-States, <=50K
27, Private,246974, Assoc-voc,11, Married-civ-spouse, Sales, Husband, White, Male,0,0,40, United-States, <=50K
45, Self-emp-not-inc,168191, Bachelors,13, Married-civ-spouse, Craft-repair, Husband, White, Male,0,0,35, United-States, >50K
45, Private,462440, 11th,7, Widowed, Other-service, Not-in-family, Black, Female,0,0,20, United-States, <=50K
29, Self-emp-not-inc,144063, 7th-8th,4, Married-civ-spouse, Farming-fishing, Husband, White, Male,0,0,72, United-States, <=50K
20, Private,247115, Some-college,10, Never-married, Adm-clerical, Unmarried, Black, Female,0,0,35, United-States, <=50K
32, State-gov,171111, Bachelors,13, Never-married, Adm-clerical, Not-in-family, White, Male,0,0,37, United-States, <=50K
27, State-gov,21306, Assoc-acdm,12, Never-married, Adm-clerical, Not-in-family, White, Female,0,0,40, Germany, <=50K
25, Private,367306, Some-college,10, Never-married, Adm-clerical, Own-child, White, Female,0,0,40, United-States, <=50K
22, Self-emp-not-inc,279802, Some-college,10, Never-married, Prof-specialty, Own-child, White, Female,0,0,3, United-States, <=50K
32, Private,101562, Bachelors,13, Never-married, Prof-specialty, Not-in-family, White, Female,0,0,45, United-States, <=50K
39, Private,58343, Some-college,10, Married-civ-spouse, Machine-op-inspct, Husband, White, Male,0,0,40, United-States, >50K
37, State-gov,74163, Bachelors,13, Never-married, Prof-specialty, Not-in-family, White, Female,0,0,40, United-States, <=50K
61, Private,172037, HS-grad,9, Married-civ-spouse, Other-service, Husband, White, Male,0,0,40, United-States, <=50K
40, Private,240027, Some-college,10, Never-married, Sales, Unmarried, Black, Female,0,0,45, United-States, <=50K
73, Self-emp-not-inc,109833, Bachelors,13, Married-civ-spouse, Farming-fishing, Husband, White, Male,0,0,30, United-States, <=50K
27, Private,68848, Bachelors,13, Never-married, Adm-clerical, Unmarried, White, Female,0,0,35, United-States, <=50K
29, Private,250679, HS-grad,9, Never-married, Craft-repair, Not-in-family, White, Male,0,0,40, United-States, <=50K
fj, Private,39827, Some-college,10, Married-civ-spouse, Sales, Husband, White, Male,15024,0,40, United-States, >50K
36, Private,749636, Some-college,10, Divorced, Adm-clerical, Unmarried, White, Female,0,0,40, United-States, <=50K
56, Private,282023, Prof-school,15, Married-civ-spouse, Prof-specialty, Husband, White, Male,0,0,45, United-States, >50K
19, Private,517036, HS-grad,9, Married-civ-spouse, Craft-repair, Not-in-family, White, Female,0,0,40, El-Salvador, <=50K
25, Private,111243,htvrebaw,9, Never-married, Sales, Other-relative, White, Female,0,0,50, United-States, <=50K
41, Private,439919, 5th-6th,3, Married-civ-spouse, Farming-fishing, Husband, White, Male,3411,0,40, Mexico, <=50K
39, Private,352248, Assoc-acdm,12, Married-civ-spouse, Adm-clerical, Husband, White, Male,0,0,40, United-States, <=50K
44, ?,468706, HS-grad,9, Married-civ-spouse, ?, Husband, Black, Male,0,0,40, United-States, <=50K
19, Private,63434, Some-college,10, Never-married, Machine-op-inspct, Not-in-family, White, Female,0,0,35, United-States, <=50K
78, ?,91534, Bachelors,13, Married-civ-spouse, ?, Husband, White, Male,0,0,3, United-States, <=50K
40, Private,239708, 11th,7, Married-civ-spouse, Transport-moving, Husband, White, Male,0,0,55, United-States, <=50K
31, Self-emp-not-inc,349148, Some-college,10, Married-civ-spouse, Machine-op-inspct, Husband, White, Male,0,0,48, United-States, <=50K
25, Private,195994, 1st-4th,2, Never-married, Priv-house-serv, Not-in-family, White, Female,0,0,40, Guatemala, <=50K
34, Private,204991, Some-college,10, Divorced, Exec-managerial, Husband, White, Male,0,0,44, United-States, <=50K
45, Private,191858, HS-grad,9, Married-civ-spouse, Machine-op-inspct, Husband, White, Male,0,0,45, United-States, >50K
47, Private,329144, HS-grad,9, Married-civ-spouse, Sales, Husband, White, Male,4386,0,45, United-States, >50K
27, Local-gov,298510, HS-grad,9, Divorced, Protective-serv, Own-child, White, Male,0,0,40, United-States, <=50K
34, Self-emp-not-inc,49707, HS-grad,9, Married-civ-spouse, Exec-managerial, Husband, White, Male,0,0,70, United-States, <=50K
67, ?,125926, Some-college,10, Married-civ-spouse, ?, Husband, White, Male,0,0,8, United-States, <=50K
24, ?,151153, Some-college,10, Never-married, ?, Not-in-family, Asian-Pac-Islander, Male,99999,0,50, South, >50K
21, Self-emp-not-inc,25631, Some-college,10, Never-married, Farming-fishing, Own-child, White, Male,0,0,40, United-States, <=50K
43, Private,168071, HS-grad,9, Married-civ-spouse, Transport-moving, Husband, White, Male,0,0,44, United-States, <=50K
46, Private,337050, Masters,14, Married-civ-spouse, Exec-managerial, Husband, White, Male,0,1977,45, United-States, >50K
36, Private,290409, Some-college,10, Married-civ-spouse, Transport-moving, Husband, White, Male,0,0,40, United-States, <=50K
46, Federal-gov,227310, Some-college,10, Never-married, Adm-clerical, Unmarried, Black, Female,0,0,40, United-States, <=50K
31, Private,202450, HS-grad,9, Married-civ-spouse, Machine-op-inspct, Husband, White, Male,0,1573,40, United-States, <=50K
42, Private,200187, Assoc-voc,11, Divorced, Other-service, Unmarried, White, Female,0,0,32, United-States, <=50K
47, Private,332727, Bachelors,13, Married-civ-spouse, Prof-specialty, Husband, White, Male,0,0,60, United-States, >50K
39, Private,214117, Some-college,10, Divorced, Craft-repair, Unmarried, Black, Male,0,0,40, United-States, <=50K
31, Private,130620, 11th,7, Married-spouse-absent, Sales, Own-child, Asian-Pac-Islander, Female,0,0,40, India, <=50K
28, Federal-gov,195573, HS-grad,9, Married-civ-spouse, Transport-moving, Husband, White, Male,0,0,50, United-States, <=50K
24, Private,289448, Assoc-voc,11, Never-married, Adm-clerical, Own-child, Asian-Pac-Islander, Female,0,0,40, Philippines, <=50K
60, Private,151369, Masters,14, Married-civ-spouse, Exec-managerial, Husband, White, Male,0,0,60, United-States, >50K
29, Private,121523, 11th,7, Married-civ-spouse, Transport-moving, Husband, White, Male,0,0,60, United-States, <=50K
27, Local-gov,116662, HS-grad,9, Married-civ-spouse, Machine-op-inspct, Husband, White, Male,0,0,40, United-States, <=50K
54, Private,144586, Some-college,10, Married-civ-spouse, Sales, Wife, White, Female,0,0,40, United-States, >50K
34, Self-emp-inc,29254, Some-college,10, Married-civ-spouse, Craft-repair, Husband, White, Male,0,0,70, United-States, <=50K
36, Self-emp-not-inc,207202, 10th,6, Married-civ-spouse, Farming-fishing, Husband, White, Male,0,0,60, United-States, <=50K
36, Private,99270, HS-grad,9, Married-civ-spouse, Farming-fishing, Wife, White, Female,0,0,40, United-States, <=50K
44, Private,462838, HS-grad,9, Divorced, Handlers-cleaners, Not-in-family, White, Female,0,0,48, United-States, <=50K
30, Private,189620, Some-college,10, Divorced, Prof-specialty, Not-in-family, White, Female,6849,0,40, England, <=50K
69, Local-gov,179813, 10th,6, Married-civ-spouse, Transport-moving, Husband, White, Male,0,0,10, United-States, <=50K
38, Private,200818, Prof-school,15, Married-civ-spouse, Prof-specialty, Husband, White, Male,0,0,40, United-States, >50K
36, Private,143068, Some-college,10, Divorced, Craft-repair, Unmarried, White, Male,0,0,40, United-States, <=50K
35, Private,343403, Some-college,10, Never-married, Sales, Not-in-family, White, Female,0,0,40, United-States, <=50K
68, Private,138714, Bachelors,13, Married-civ-spouse, Prof-specialty, Husband, White, Male,0,0,55, Dominican-Republic, >50K
17, Private,151141, 11th,7, Never-married, Handlers-cleaners, Own-child, White, Male,0,0,56, United-States, <=50K
61, Private,202202, HS-grad,9, Never-married, Adm-clerical, Not-in-family, White, Female,0,0,40, United-States, <=50K
67, Self-emp-not-inc,107138, Some-college,10, Married-civ-spouse, Sales, Husband, White, Male,0,0,40, United-States, <=50K
42, Private,222884, Bachelors,13, Never-married, Exec-managerial, Not-in-family, White, Male,0,0,55, United-States, >50K
21, Private,51985, HS-grad,9, Never-married, Craft-repair, Not-in-family, White, Male,0,0,40, United-States, <=50K
64, Federal-gov,316246, Bachelors,13, Divorced, Adm-clerical, Not-in-family, Black, Female,0,0,40, United-States, <=50K
50, Private,92968, Bachelors,13, Never-married, Sales, Unmarried, White, Female,0,0,32, United-States, <=50K
25, Private,239461, Masters,14, Never-married, Prof-specialty, Own-child, White, Male,0,0,35, United-States, <=50K
53, Private,29658, HS-grad,9, Married-civ-spouse, Craft-repair, Husband, White, Male,0,0,40, United-States, >50K
37, Private,91711, Bachelors,13, Married-civ-spouse, Exec-managerial, Husband, White, Male,0,0,60, United-States, >50K
50, Private,88926, HS-grad,9, Married-civ-spouse, Adm-clerical, Wife, White, Female,5178,0,40, United-States, >50K
66, ?,31362, Some-college,10, Married-civ-spouse, ?, Husband, White, Male,0,0,20, United-States, <=50K
30, Private,340917, Some-college,10, Married-civ-spouse, Machine-op-inspct, Husband, White, Male,0,0,40, United-States, <=50K
61, Private,171429, 11th,7, Divorced, Other-service, Unmarried, White, Female,0,0,36, United-States, <=50K
35, Private,119098, Masters,14, Married-civ-spouse, Exec-managerial, Husband, White, Male,0,0,40, United-States, <=50K
35, Private,77146, Bachelors,13, Married-civ-spouse, Sales, Husband, White, Male,0,0,45, United-States, >50K
31, Local-gov,188798, Bachelors,13, Never-married, Exec-managerial, Not-in-family, White, Female,0,0,50, United-States, <=50K
49, Federal-gov,128990, Bachelors,13, Married-civ-spouse,cyvszkohcrnhiik, Husband, White, Male,0,0,40, United-States, >50K
35, Self-emp-not-inc,230268, Some-college,10, Married-civ-spouse, Other-service, Husband, White, Male,0,0,40, United-States, <=50K
33, Private,148261, Some-college,10, Married-civ-spouse, Craft-repair, Husband, White, Male,0,0,40, United-States, <=50K
43, Private,413297, HS-grad,9, Married-civ-spouse, Craft-repair, Husband, White, Male,0,0,45, United-States, <=50K
28, Private,224634, Bachelors,13, Married-civ-spouse, Prof-specialty, Wife, White, Female,0,0,45, United-States, >50K
42, Private,356934, Masters,14, Married-civ-spouse, Exec-managerial, Husband, White, Male,0,0,40, United-States, >50K
57, Self-emp-not-inc,138892, 11th,7, Married-civ-spouse, Sales, Husband, White, Male,0,0,15, United-States, <=50K
40, Private,237601, Bachelors,13, Never-married, Sales, Not-in-family, Other, Female,0,0,55, United-States, >50K
32, Private,101352, Some-college,10, Married-civ-spouse, Tech-support, Wife, White, Female,0,0,32, United-States, >50K
27, Local-gov,138917, Bachelors,13, Never-married, Prof-specialty, Not-in-family, White, Male,0,0,35, United-States, <=50K
36, Self-emp-not-inc,224886, Bachelors,13, Married-civ-spouse, Exec-managerial, Husband, White, Male,2407,0,40, United-States, <=50K
45, Private,170871, HS-grad,9, Married-civ-spouse, Craft-repair, Husband, White, Male,7298,0,60, United-States, >50K
28, Private,274690, Bachelors,13, Never-married, Adm-clerical, Not-in-family, White, Male,0,0,45, United-States, <=50K
31, Private,206541, Doctorate,10, Married-civ-spouse, Adm-clerical, Husband, White, Male,0,0,40, United-States, <=50K
27, Self-emp-inc,399904, HS-grad,9, Never-married, Craft-repair, Other-relative, White, Male,0,0,50, Mexico, <=50K
25, Private,130397, 10th,6, Never-married, Farming-fishing, Unmarried, Amer-Indian-Eskimo, Male,0,0,40, United-States, <=50K
56, Private,112840, HS-grad,9, Married-civ-spouse, Exec-managerial, Husband, White, Male,0,0,55, United-States, >50K
45, Self-emp-inc,212954, Some-college,10, Married-civ-spouse, Farming-fishing, Husband, White, Male,0,0,50, United-States, <=50K
41, Private,223934, Assoc-acdm,12, Divorced, Adm-clerical, Unmarried, White, Female,0,0,38, United-States, <=50K
53, Private,104879, HS-grad,9, Married-civ-spouse, Tech-support, Husband, White, Male,0,0,40, United-States, >50K
55, Private,238638, HS-grad,9, Married-civ-spouse, Sales, Husband, White, Male,4386,0,40, United-States, >50K
42, Local-gov,97688, Some-college,10, Married-civ-spouse, Craft-repair, Husband, White, Male,5178,0,40, United-States, >50K
20, Federal-gov,153516, Some-college,10, Never-married, Adm-clerical, Own-child, White, Male,0,0,30, United-States, <=50K
47, Federal-gov,191858, Assoc-acdm,12, Married-spouse-absent, Adm-clerical, Husband, White, Male,0,0,40, United-States, >50K
51, Local-gov,240358, HS-grad,9, Married-civ-spouse, Protective-serv, Husband, White, Male,0,0,40, United-States, >50K
17, Private,54257, 11th,7, Never-married, Adm-clerical, Own-child, White, Female,0,0,20, United-States, <=50K
21, Private,56582, 11th,7, Never-married, Other-service, Own-child, White, Male,0,0,50, United-States, <=50K
46, Private,285750, HS-grad,9, Married-civ-spouse, Farming-fishing, Husband, White, Male,4064,0,55, United-States, <=50K
20, Private,187158, Some-college,10, Never-married, Adm-clerical, Own-child, White, Female,0,0,15, United-States, <=50K
57, Local-gov,190748, Some-college,10, Divorced, Exec-managerial, Unmarried, White, Female,0,0,35, United-States, <=50K
55, Self-emp-not-inc,98361, HS-grad,9, Never-married, Craft-repair, Own-child, White, Male,0,0,35, United-States, <=50K
42, Local-gov,226020, HS-grad,9, Separated, Other-service, Not-in-family, Black, Female,0,0,60, ?, <=50K
53, State-gov,246820, Doctorate,16, Married-civ-spouse, Prof-specialty, Husband, White, Male,0,0,50, United-States, >50K
50, Private,176157, Masters,14, Married-civ-spouse, Exec-managerial, Husband, White, Male,0,1672,50, United-States, >50K
37, State-gov,29145, Bachelors,13, Married-civ-spouse, Exec-managerial, Husband, White, Male,0,0,50, United-States, <=50K
32, Private,235124, Some-college,10, Married-civ-spouse, Protective-serv, Husband, White, Male,0,0,46, Dominican-Republic, <=50K
37, Federal-gov,289653, HS-grad,9, Married-civ-spouse, Adm-clerical, Husband, White, Male,0,0,50, United-States, >50K
40, Private,114580, HS-grad,9, Married-civ-spouse, Exec-managerial, Wife, White, Female,0,0,24, United-States, >50K
59, Private,157932, 10th,6, Married-civ-spouse, Craft-repair, Husband, White, Male,0,0,40, United-States, >50K
29, Self-emp-inc,104737, HS-grad,9, Married-civ-spouse, Craft-repair, Husband, White, Male,0,0,60, United-States, <=50K
33, Private,132832, HS-grad,9, Never-married, Adm-clerical, Not-in-family, White, Female,0,0,50, United-States, <=50K
24, Private,267945, Bachelors,13, Never-married, Adm-clerical, Own-child, White, Female,0,0,40, United-States, <=50K
50, Self-emp-inc,121441, 11th,7, Never-married, Exec-managerial, Other-relative, Other, Male,0,1602,40, United-States, >50K
27, Local-gov,52156, Some-college,10, Married-civ-spouse, Protective-serv, Husband, White, Male,0,0,60, United-States, <=50K
51, Private,174754, HS-grad,9, Never-married, Other-service, Not-in-family, Black, Female,0,0,38, United-States, <=50K
27, Private,116531, Bachelors,13, Never-married, Exec-managerial, Not-in-family, White, Female,0,0,40, United-States, <=50K
53, Private,53197, Masters,14, Married-civ-spouse, Prof-specialty, Husband, White, Male,3103,0,40, United-States, >50K
21, Private,283969, HS-grad,9, Never-married, Craft-repair, Own-child, White, Male,0,0,40, Mexico, <=50K
34, Private,117529, Some-college,10, Married-civ-spouse, Farming-fishing, Husband, White, Male,0,0,54, Mexico, <=50K
60, Private,193235, Assoc-acdm,12, Married-civ-spouse, Adm-clerical, Husband, White, Male,0,0,24, United-States, <=50K
41, Private,336643, Some-college,10, Divorced, Exec-managerial, Not-in-family, White, Female,0,0,80, United-States, <=50K
23, Private,368739, Bachelors,13, Never-married, Adm-clerical, Not-in-family, White, Female,3411,0,40, United-States, <=50K
47, Private,583755, HS-grad,9, Married-civ-spouse, Adm-clerical, Husband, Black, Male,0,0,40, United-States, >50K
36, Private,180667, HS-grad,9, Married-civ-spouse, Craft-repair, Husband, White, Male,0,1887,60, United-States, >50K
40, Private,145178, Some-college,10, Divorced, Craft-repair, Unmarried, Black, Female,0,0,30, United-States, <=50K
22, Private,509048, HS-grad,9, Never-married, Sales, Other-relative, Black, Female,0,0,37, United-States, <=50K
29, Private,152461, Bachelors,4, Never-married, Prof-specialty, Unmarried, White, Female,14344,0,50, United-States, >50K
21, Private,200153, HS-grad,9, Separated, Other-service, Own-child, White, Female,0,0,32, United-States, <=50K
58, Federal-gov,72998, 11th,7, Divorced, Craft-repair, Not-in-family, Black, Female,14084,0,40, United-States, >50K
46, Private,110171, Masters,14, Married-civ-spouse, Prof-specialty, Husband, White, Male,15024,0,50, United-States, >50K
60, Private,123218, Some-college,10, Married-civ-spouse, Other-service, Husband, White, Male,0,0,40, United-States, <=50K
31, Private,72630, 1st-4th,13, Never-married, Exec-managerial, Not-in-family, White, Male,14084,0,50, United-States, >50K
21, Private,112137, Some-college,10, Never-married, Prof-specialty, Other-relative, Asian-Pac-Islander, Female,0,0,20, South, <=50K
57, Private,109015, Some-college,10, Divorced, Sales, Not-in-family, White, Female,0,0,48, United-States, <=50K
31, Local-gov,175778, Bachelors,13, Divorced, Prof-specialty, Not-in-family, White, Female,0,0,40, United-States, <=50K
24, Private,235071, 11th,7, Married-civ-spouse, Craft-repair, Husband, White, Male,0,0,50, United-States, >50K
43, Federal-gov,105936, Assoc-voc,11, Never-married, Prof-specialty, Not-in-family, White, Male,13550,0,40, United-States, >50K
54, Self-emp-inc,206862, HS-grad,9, Married-civ-spouse, Exec-managerial, Husband, White, Male,0,0,36, United-States, >50K
39, Private,91996, HS-grad,9, Divorced, Other-service, Unmarried, White, Female,0,0,40, United-States, <=50K
32, Private,211028, Some-college,10, Never-married, Adm-clerical, Not-in-family, White, Female,0,0,40, United-States, <=50K
49, Private,334787, HS-grad,9, Married-civ-spouse, Other-service, Husband, White, Male,0,0,40, United-States, <=50K
35, Self-emp-not-inc,60269, HS-grad,9, Married-civ-spouse, Exec-managerial, Husband, White, Male,0,0,60, United-States, <=50K
22, Private,193090, HS-grad,9, Never-married, Sales, Not-in-family, White, Female,0,0,37, United-States, <=50K
35, Self-emp-not-inc,111095, HS-grad,9, Married-civ-spouse, Exec-managerial, Husband, White, Male,0,0,50, United-States, <=50K
58, Local-gov,212864, HS-grad,9, Married-civ-spouse, Protective-serv, Husband, White, Male,3908,0,40, United-States, <=50K
47, Self-emp-not-inc,28035, Some-college,10, Married-civ-spouse, Farming-fishing, Husband, White, Male,0,0,86, United-States, <=50K
22, Private,298227, HS-grad,9, Never-married, Handlers-cleaners, Unmarried, White, Male,0,0,35, United-States, <=50K
35, Private,65706, HS-grad,9, Divorced, Other-service, Unmarried, White, Female,0,0,40, United-States, <=50K
40, Private,144067, Assoc-voc,11, Married-civ-spouse, Craft-repair, Husband, White, Male,0,0,40, United-States, <=50K
54, Self-emp-not-inc,71344, Masters,14, Divorced, Prof-specialty, Not-in-family, White, Male,0,1887,50, United-States, >50K
46, Private,176684, Assoc-acdm,12, Never-married, Adm-clerical, Not-in-family, White, Female,0,0,40, United-States, <=50K
47, Private,304857, Masters,14, Separated, Tech-support, Not-in-family, White, Male,27828,0,40, United-States, >50K
31, State-gov,190305, Masters,14, Married-civ-spouse, Prof-specialty, Husband, White, Male,0,0,50, United-States, <=50K
20, Federal-gov,147352, HS-grad,9, Never-married, Other-service, Not-in-family, White, Female,0,0,40, United-States, <=50K
31, Self-emp-not-inc,203463, Bachelors,13, Never-married, Tech-support, Not-in-family, White, Female,0,0,40, United-States, <=50K
40, Private,408229, 1st-4th,2, Never-married, Other-service, Not-in-family, White, Male,0,0,45, El-Salvador, <=50K
24, Local-gov,196816, Some-college,10, Never-married, Protective-serv, Not-in-family, White, Male,0,0,50, United-States, <=50K
30, Private,156718, Some-college,10, Separated, Adm-clerical, Not-in-family, White, Female,0,0,40, United-States, <=50K
41, Private,197344, HS-grad,9, Never-married, Craft-repair, Not-in-family, White, Male,0,0,54, United-States, <=50K
36, Self-emp-inc,27408, Assoc-voc,11, Married-civ-spouse, Sales, Husband, White, Male,0,0,60, United-States, <=50K
27, Private,203776, Assoc-acdm,12, Married-civ-spouse, Exec-managerial, Husband, White, Male,0,0,15, United-States, <=50K
22, Private,145964, Bachelors,16, Never-married, Sales, Own-child, White, Male,0,0,40, United-States, <=50K
50, Self-emp-inc,156623, Prof-school,15, Married-civ-spouse, Prof-specialty, Husband, Asian-Pac-Islander, Male,7688,0,50, Philippines, >50K
47, Private,184402, HS-grad,9, Divorced, Other-service, Not-in-family, White, Male,0,0,32, United-States, <=50K
43, Local-gov,144778, HS-grad,9, Married-civ-spouse, Exec-managerial, Husband, White, Male,0,0,40, Dominican-Republic, <=50K
27, Private,189702, 7th-8th,4, Married-civ-spouse, Craft-repair, Husband, White, Male,0,0,40, United-States, <=50K
66, Private,98837, HS-grad,9, Widowed, Adm-clerical, Not-in-family, White, Female,0,0,40, United-States, <=50K
41, Private,95168, HS-grad,9, Never-married, Machine-op-inspct, Unmarried, Black, Female,0,0,40, United-States, <=50K
72, Self-emp-not-inc,139889, Some-college,10, Married-civ-spouse, Farming-fishing, Husband, White, Male,0,0,74, United-States, <=50K
71, State-gov,210673, HS-grad,9, Married-civ-spouse, Protective-serv, Husband, White, Male,0,0,28, United-States, <=50K
54, Private,162238, Masters,14, Divorced, Exec-managerial, Not-in-family, White, Male,0,0,50, United-States, >50K
23, Private,293091, HS-grad,9, Never-married, Sales, Own-child, White, Male,0,0,30, United-States, <=50K
55, Self-emp-not-inc,100569, HS-grad,9, Separated, Farming-fishing, Unmarried, White, Female,0,0,55, United-States, <=50K
44, Private,104196, Masters,14, Married-civ-spouse, Prof-specialty, Husband, White, Male,0,0,45, United-States, >50K
43, Self-emp-not-inc,89636, 10th,13, Married-civ-spouse, Sales, Wife, Asian-Pac-Islander, Female,99999,0,60, South, <=50K
41, Private,315834, Bachelors,13, Never-married, Prof-specialty, Not-in-family, White, Female,0,1876,40, United-States, <=50K
62, Self-emp-not-inc,134768, 12th,8, Married-civ-spouse, Craft-repair, Husband, White, Male,0,0,40, United-States, >50K
45, Private,185397, Assoc-acdm,12, Divorced, Craft-repair, Not-in-family, White, Male,0,0,40, United-States, <=50K
65, ?,315728, HS-grad,9, Widowed, ?, Unmarried, White, Female,2329,0,75, United-States, <=50K
39, ?,204756, Some-college,10, Divorced, ?, Not-in-family, White, Female,0,0,20, United-States, <=50K
37, Private,421633, Masters,14, Never-married, Exec-managerial, Not-in-family, Black, Female,0,0,40, United-States, >50K
20, Private,224059, HS-grad,9, Never-married, Other-service, Not-in-family, White, Male,0,0,40, United-States, <=50K
31, Private,182162, HS-grad,9, Married-civ-spouse, Adm-clerical, Wife, White, Female,0,0,37, United-States, <=50K
47, State-gov,80914, Masters,14, Married-civ-spouse, Exec-managerial, Husband, White, Male,0,0,47, United-States, >50K
38, Private,114591, Bachelors,13, Married-civ-spouse, Prof-specialty, Wife, White, Female,15024,0,40, United-States, >50K
20, Private,199011, Some-college,10, Never-married, Handlers-cleaners, Own-child, White, Male,0,0,12, United-States, <=50K
49, Private,24712, Bachelors,13, Never-married, Other-service, Not-in-family, Asian-Pac-Islander, Female,0,0,35, Philippines, <=50K
37, Private,202950, HS-grad,9, Married-civ-spouse, Transport-moving, Husband, White, Male,0,0,40, United-States, >50K
30, Private,467108, Bachelors,13, Never-married, Prof-specialty, Not-in-family, White, Male,0,0,45, United-States, <=50K
42, Private,86185, Some-college,10, Widowed, Exec-managerial, Not-in-family, Amer-Indian-Eskimo, Female,0,0,40, United-States, <=50K
17, Private,132680, 10th,6, Never-married, Other-service, Own-child, White, Female,0,1602,10, United-States, <=50K
48, Private,304791, Some-college,10, Widowed, Adm-clerical, Not-in-family, White, Female,0,0,40, United-States, <=50K
54, Self-emp-inc,129432, Bachelors,13, Married-civ-spouse, Exec-managerial, Husband, White, Male,15024,0,40, United-States, >50K
66, ?,357750, 11th,7, Widowed, ?, Not-in-family, Black, Female,0,0,40, United-States, <=50K
32, Private,160362, Some-college,10, Divorced, Other-service, Other-relative, White, Male,0,0,40, Nicaragua, <=50K
40, Private,103395, Some-college,10, Married-civ-spouse, Craft-repair, Husband, White, Male,0,0,45, United-States, >50K
45, Private,217953, HS-grad,9, Married-civ-spouse, Craft-repair, Husband, Other, Male,0,0,40, Mexico, <=50K
27, Private,292120, HS-grad,9, Divorced, Tech-support, Not-in-family, White, Female,0,0,45, United-States, <=50K
18, Private,347336, 12th,8, Never-married, Other-service, Own-child, White, Male,0,0,12, United-States, <=50K
63, Private,254907, Assoc-voc,11, Divorced, Other-service, Not-in-family, White, Female,0,0,20, United-States, <=50K
26, Private,222248, HS-grad,9, Never-married, Craft-repair, Not-in-family, Other, Male,0,0,70, United-States, <=50K
56, Private,266091, Bachelors,13, Never-married, Prof-specialty, Not-in-family, White, Female,0,0,45, Mexico, <=50K
43, Private,193459, 11th,7, Married-civ-spouse, Handlers-cleaners, Husband, White, Male,0,0,40, United-States, <=50K
46, Private,169180, Assoc-voc,11, Divorced, Adm-clerical, Not-in-family, White, Female,0,0,40, United-States, <=50K
33, Local-gov,368675, Some-college,10, Married-civ-spouse, Protective-serv, Husband, White, Male,0,0,40, United-States, <=50K
36, Private,231037, 7th-8th,4, Married-civ-spouse, Machine-op-inspct, Husband, White, Male,0,0,40, United-States, <=50K
59, State-gov,163047, Some-college,10, Divorced, Adm-clerical, Not-in-family, White, Female,0,0,38, United-States, <=50K
52, Private,230657, HS-grad,9, Married-civ-spouse, Machine-op-inspct, Husband, Other, Male,3781,0,40, Columbia, <=50K
43, Private,186144, HS-grad,9, Married-civ-spouse, Craft-repair, Husband, White, Male,0,0,40, United-States, >50K
40, Private,102606, Masters,14, Married-civ-spouse, Exec-managerial, Husband, White, Male,0,0,40, United-States, >50K
59, Self-emp-inc,107287, 10th,6, Widowed, Exec-managerial, Unmarried, White, Female,0,2559,50, United-States, >50K
58, Self-emp-not-inc,35723, HS-grad,9, Married-civ-spouse, Craft-repair, Husband, White, Male,0,0,60, United-States, <=50K
41, Private,168071, Bachelors,13, Married-civ-spouse, Exec-managerial, Husband, White, Male,7298,0,50, United-States, >50K
31, Private,254304, 10th,6, Divorced, Craft-repair, Not-in-family, White, Male,0,0,38, United-States, <=50K
30, Private,194901, Prof-school,15, Divorced, Sales, Own-child, White, Male,0,0,55, United-States, <=50K
29, Private,232784, Assoc-acdm,12, Never-married, Exec-managerial, Own-child, White, Male,0,0,40, United-States, <=50K
59, Private,183606, 11th,7, Married-civ-spouse, Machine-op-inspct, Husband, White, Male,0,0,40, United-States, <=50K
43, Private,51506, 12th,8, Married-civ-spouse, Transport-moving, Husband, White, Male,0,0,40, United-States, <=50K
62, Private,sxulwp, Some-college,10, Married-civ-spouse, Craft-repair, Husband, White, Male,0,0,45, Puerto-Rico, <=50K
30, Local-gov,154935, Assoc-acdm,lr, Never-married, Protective-serv, Not-in-family, Black, Male,0,0,40, United-States, <=50K
47, Private,201127, Masters,10, Married-civ-spouse, Transport-moving, Husband, White, Male,0,0,50, United-States, <=50K
45, Self-emp-not-inc,43434, Bachelors,13, Never-married, Exec-managerial, Not-in-family, White, Female,0,0,40, United-States, <=50K
45, Private,353012, HS-grad,9, Divorced, Transport-moving, Not-in-family, White, Male,0,0,40, United-States, <=50K
28, Private,150025, 9th,5, Never-married, Craft-repair, Not-in-family, White, Male,0,0,50, ?, >50K
32, Self-emp-inc,45796, HS-grad,9, Married-civ-spouse, Exec-managerial, Husband, White, Male,0,0,45, United-States, <=50K
50, Private,171338, Some-college,10, Married-civ-spouse, Exec-managerial, Husband, White, Male,99999,0,50, United-States, >50K
39, Private,181661, HS-grad,9, Married-civ-spouse, Handlers-cleaners, Husband, White, Male,0,0,40, United-States, <=50K
36, Private,35309, Bachelors,13, Married-civ-spouse, Exec-managerial, Husband, White, Male,0,0,40, United-States, <=50K
40, Private,256866, Bachelors,13, Never-married, Prof-specialty, Not-in-family, White, Female,0,0,45, United-States, <=50K
21, Private,120326, Some-college,10, Never-married, Adm-clerical, Own-child, White, Female,0,0,40, United-States, <=50K
40, Private,235786, Some-college,10, Married-civ-spouse, Craft-repair, Husband, White, Male,0,0,44, United-States, >50K
33, Private,388741, Some-college,10, Never-married, Adm-clerical, Unmarried, Other, Female,0,0,38, United-States, <=50K
38, Private,91039, Masters,14, Married-civ-spouse, Exec-managerial, Husband, White, Male,0,1564,65, United-States, >50K
61, Federal-gov,197311, Masters,14, Widowed, Prof-specialty, Unmarried, White, Female,0,0,40, United-States, <=50K
43, Self-emp-not-inc,194726, HS-grad,9, Divorced, Craft-repair, Own-child, White, Male,0,0,35, United-States, <=50K
33, Private,289448, 12th,8, Never-married, Protective-serv, Own-child, Black, Male,0,0,40, United-States, <=50K
34, Private,165737, Masters,14, Married-civ-spouse, Prof-specialty, Husband, Asian-Pac-Islander, Male,0,0,43, India, >50K
46, Self-emp-inc,201865, Prof-school,15, Married-civ-spouse, Prof-specialty, Husband, White, Male,0,0,60, United-States, >50K
27, Private,168470, Bachelors,13, Never-married, Exec-managerial, Not-in-family, White, Male,0,0,40, United-States, <=50K
76, Private,243768, 5th-6th,3, Never-married, Handlers-cleaners, Not-in-family, White, Male,0,0,20, United-States, <=50K
41, Federal-gov,168294, HS-grad,9, Married-civ-spouse, Adm-clerical, Husband, White, Male,5178,0,40, United-States, >50K
25, Private,182227, Assoc-acdm,12, Never-married, Prof-specialty, Not-in-family, White, Male,0,0,55, United-States, <=50K
23, Private,185106, HS-grad,9, Never-married, Handlers-cleaners, Own-child, Black, Male,0,0,40, United-States, <=50K
30, Private,89625, Some-college,10, Married-civ-spouse, Prof-specialty, Wife, Asian-Pac-Islander, Female,0,0,5, United-States, >50K
25, Private,69739, 10th,6, Never-married, Machine-op-inspct, Own-child, White, Male,0,0,40, United-States, <=50K
28, Private,375313, HS-grad,9, Never-married, Tech-support, Not-in-family, Asian-Pac-Islander, Male,0,0,50, United-States, <=50K
27, Private,184105, Assoc-voc,11, Never-married, Machine-op-inspct, Unmarried, White, Male,0,0,45, United-States, <=50K
31, Private,126501, Some-college,10, Married-civ-spouse, Craft-repair, Husband, White, Male,0,0,40, United-States, <=50K
69, ?,180187, Assoc-acdm,12, Widowed, ?, Not-in-family, White, Female,0,0,6, Italy, <=50K
37, Local-gov,108540, HS-grad,9, Married-civ-spouse, Craft-repair, Husband, White, Male,0,0,40, United-States, <=50K
51, Private,199688, Some-college,10, Married-civ-spouse, Exec-managerial, Husband, White, Male,0,0,45, United-States, <=50K
28, Private,190350, 9th,5, Married-civ-spouse, Protective-serv, Wife, Black, Female,0,0,40, United-States, <=50K
50, Private,27484, HS-grad,9, Married-civ-spouse, Exec-managerial, Husband, White, Male,0,0,50, United-States, >50K
35, Private,125933, Bachelors,13, Married-civ-spouse, Craft-repair, Husband, White, Male,0,0,50, United-States, >50K
31, Private,118966, HS-grad,9, Never-married, Craft-repair, Own-child, White, Male,0,0,18, United-States, <=50K
27, Private,223751, Some-college,10, Never-married, Craft-repair, Not-in-family, White, Male,0,0,45, United-States, <=50K
55, State-gov,175127, Bachelors,13, Married-civ-spouse, Adm-clerical, Husband, White, Male,7688,0,38, United-States, >50K
36, Self-emp-inc,166880, HS-grad,9, Never-married, Other-service, Not-in-family, White, Female,0,0,70, United-States, <=50K
20, Private,205839, Some-college,10, Never-married, Other-service, Own-child, White, Female,0,0,16, United-States, <=50K
72, ?,96867, 5th-6th,3, Widowed, ?, Not-in-family, White, Female,0,0,40, United-States, <=50K
73, Private,111275, HS-grad,9, Never-married, Other-service, Unmarried, Black, Female,0,0,38, United-States, <=50K
21, Private,409230, HS-grad,9, Never-married, Craft-repair, Not-in-family, White, Male,0,0,40, Guatemala, <=50K
47, Private,162034, Bachelors,13, Married-civ-spouse, Sales, Husband, White, Male,0,0,60, United-States, >50K
39, Private,286789, Bachelors,13, Married-civ-spouse, Exec-managerial, Husband, White, Male,0,0,40, United-States, >50K
19, Private,162954, 12th,8, Never-married, Other-service, Own-child, White, Female,0,0,20, United-States, <=50K
45, Self-emp-inc,201699, Doctorate,16, Married-civ-spouse, Prof-specialty, Husband, White, Male,0,0,60, United-States, >50K
25, Private,298225, Some-college,10, Married-civ-spouse, Transport-moving, Husband, White, Male,0,0,35, United-States, <=50K
39, Private,81487, Some-college,10, Divorced, Exec-managerial, Unmarried, White, Female,0,625,40, United-States, <=50K
46, Private,194431, HS-grad,9, Never-married, Tech-support, Other-relative, White, Male,0,0,40, United-States, <=50K
63, Self-emp-not-inc,29859, 7th-8th,4, Married-civ-spouse, Farming-fishing, Husband, White, Male,7688,0,60, United-States, >50K
34, ?,268127, 12th,8, Separated, ?, Unmarried, Black, Female,0,0,40, United-States, <=50K
20, Private,114874, Some-college,10, Never-married, Adm-clerical, Own-child, White, Male,0,0,30, United-States, <=50K
21, Private,248512, Some-college,10, Never-married, Adm-clerical, Own-child, White, Female,0,0,40, United-States, <=50K
28, Private,338376, Some-college,10, Married-civ-spouse, Adm-clerical, Husband, White, Female,0,0,50, United-States, >50K
47, Federal-gov,380127, HS-grad,9, Never-married, Exec-managerial, Not-in-family, White, Female,0,0,40, United-States, <=50K
46, Private,179869, HS-grad,9, Married-civ-spouse, Craft-repair, Husband, White, Male,0,0,40, United-States, <=50K
28, Private,268726, HS-grad,9, Married-civ-spouse, Craft-repair, Husband, White, Male,0,0,46, United-States, <=50K
21, Private,119474, HS-grad,9, Never-married, Tech-support, Other-relative, White, Female,0,0,40, United-States, <=50K
21, Private,149637, Some-college,10, Never-married, Adm-clerical, Not-in-family, White, Female,0,0,25, United-States, <=50K
32, ?,377017, Assoc-acdm,12, Never-married, ?, Own-child, White, Male,0,0,40, United-States, <=50K
32, Private,226267, 5th-6th,3, Married-spouse-absent, Craft-repair, Other-relative, White, Male,0,0,40, El-Salvador, <=50K
42, Private,317078, HS-grad,9, Divorced, Machine-op-inspct, Not-in-family, Black, Male,0,0,40, United-States, <=50K
23, Private,160398, Some-college,10, Married-spouse-absent, Handlers-cleaners, Unmarried, White, Male,0,0,40, Puerto-Rico, <=50K
25, Private,521400, 5th-6th,3, Never-married, Machine-op-inspct, Other-relative, White, Male,0,0,40, Mexico, <=50K
20, Private,84726, Some-college,10, Never-married, Tech-support, Not-in-family, White, Female,0,0,40, United-States, <=50K
17, Private,347322, 10th,6, Never-married, Sales, Own-child, White, Female,0,0,20, United-States, <=50K
63, Private,230823, 12th,8, Married-civ-spouse, Transport-moving, Husband, White, Male,0,0,40, Cuba, <=50K
29, Private,253799, 12th,8, Never-married, Exec-managerial, Not-in-family, White, Male,0,0,42, England, <=50K
34, Private,50276, Bachelors,13, Never-married, Sales, Not-in-family, White, Male,27828,0,40, United-States, >50K
23, Private,396099, HS-grad,9, Never-married, Other-service, Not-in-family, White, Female,0,0,25, United-States, <=50K
38, Private,363395, Some-college,10, Never-married, Sales, Unmarried, Black, Female,0,0,40, United-States, <=50K
42, State-gov,109462, Bachelors,13, Divorced, Adm-clerical, Unmarried, Black, Female,2977,0,40, United-States, <=50K
34, Self-emp-not-inc,320194, Prof-school,15, Separated, Prof-specialty, Unmarried, White, Male,0,0,48, United-States, >50K
43, Self-emp-inc,170785, Some-college,10, Married-civ-spouse, Sales, Husband, White, Male,0,0,55, United-States, <=50K
37, Private,31023, HS-grad,9, Married-civ-spouse, Craft-repair, Husband, White, Male,0,0,45, United-States, <=50K
43, Private,212894, HS-grad,9, Divorced, Craft-repair, Other-relative, White, Male,0,0,40, United-States, <=50K
47, Private,101684, HS-grad,9, Married-civ-spouse, Craft-repair, Husband, White, Male,0,0,40, United-States, <=50K
18, Private,80616, 10th,6, Never-married, Handlers-cleaners, Own-child, White, Male,0,0,27, United-States, <=50K
39, Private,119098, Assoc-voc,11, Married-civ-spouse, Exec-managerial, Husband, White, Male,0,0,40, United-States, <=50K
21, Private,197182, Assoc-acdm,12, Never-married, Prof-specialty, Not-in-family, White, Female,0,0,40, United-States, <=50K
23, State-gov,216129, Assoc-acdm,12, Never-married, Craft-repair, Not-in-family, White, Male,0,0,30, United-States, <=50K
24, Local-gov,162919, Some-college,10, Never-married, Adm-clerical, Not-in-family, White, Female,0,0,40, United-States, <=50K
37, Private,186009, HS-grad,9, Married-civ-spouse, Transport-moving, Husband, White, Male,0,1672,60, United-States, <=50K
32, Private,81528, HS-grad,9, Never-married, Handlers-cleaners, Other-relative, White, Male,0,0,60, United-States, <=50K
40, State-gov,34218, HS-grad,9, Married-civ-spouse, Craft-repair, Husband, White, Male,0,0,40, United-States, <=50K
50, Self-emp-not-inc,334273, Bachelors,13, Married-civ-spouse, Sales, Husband, White, Male,0,0,8, United-States, <=50K
21, State-gov,224149, Bachelors,13, Divorced, Exec-managerial, Not-in-family, White, Female,0,0,40, United-States, >50K
37, Private,126675, HS-grad,9, Married-civ-spouse, Craft-repair, Husband, White, Male,0,0,40, United-States, <=50K
33, Private,231043, HS-grad,9, Married-civ-spouse, Craft-repair, Husband, White, Male,0,0,50, United-States, >50K
35, Private,377798, Bachelors,13, Never-married, Prof-specialty, Not-in-family, White, Male,0,0,50, United-States, >50K
38, Private,mufcg, Assoc-voc,11, Married-civ-spouse, Machine-op-inspct, Husband, White, Male,0,0,40, United-States, >50K
43, Private,184105, HS-grad,9, Married-civ-spouse, Handlers-cleaners, Husband, White, Male,0,0,50, United-States, <=50K
21, State-gov,39236, Some-college,10, Never-married, Tech-support, Not-in-family, White, Female,0,0,50, United-States, <=50K
56, Private,53366, HS-grad,9, Married-civ-spouse, Transport-moving, Husband, White, Male,0,0,40, United-States, <=50K
22, Private,227626, HS-grad,9, Divorced, Transport-moving, Not-in-family, White, Male,0,0,40, United-States, <=50K
53, Private,274276, HS-grad,9, Divorced, Adm-clerical, Not-in-family, White, Female,0,0,40, United-States, <=50K
17, Federal-gov,99893, 11th,7, Never-married, Adm-clerical, Not-in-family, Black, Female,0,1602,40, United-States, <=50K
62, Private,84756, 9th,5, Married-civ-spouse, Other-service, Husband, White, Male,0,0,35, United-States, <=50K
20, ?,230955, 12th,8, Never-married, ?, Not-in-family, Black, Female,0,0,35, United-States, <=50K
22, Private,219086, Some-college,10, Married-civ-spouse, Sales, Husband, Black, Male,0,0,55, United-States, <=50K
44, Private,110396, Masters,14, Never-married, Exec-managerial, Not-in-family, White, Male,14084,0,56, United-States, >50K
35, Private,54595, 12th,8, Never-married, Sales, Not-in-family, Black, Female,0,0,40, United-States, <=50K
72, Private,33404, 10th,6, Widowed, Adm-clerical, Not-in-family, White, Female,0,1887,20, United-States, <=50K
51, Private,144084, HS-grad,9, Never-married, Machine-op-inspct, Own-child, White, Female,0,0,40, United-States, <=50K
64, Private,86972, Some-college,10, Divorced, Exec-managerial, Unmarried, White, Female,0,0,40, United-States, <=50K
43, Private,213844, HS-grad,9, Married-AF-spouse, Craft-repair, Wife, Black, Female,0,0,42, United-States, >50K
20, Private,211345, Some-college,10, Never-married, Handlers-cleaners, Own-child, White, Female,0,0,20, United-States, <=50K
29, ?,65372, Some-college,10, Divorced, ?, Unmarried, White, Female,0,0,40, South, <=50K
42, Private,184105, Some-college,10, Never-married, Farming-fishing, Not-in-family, White, Male,0,0,28, United-States, <=50K
25, Private,169990, HS-grad,9, Married-civ-spouse, Sales, Husband, White, Male,0,0,40, United-States, <=50K
22, Private,206974, Bachelors,13, Never-married, Sales, Not-in-family, White, Female,0,0,40, United-States, <=50K
23, ?,329174, Some-college,10, Never-married, ?, Not-in-family, White, Male,0,0,40, United-States, <=50K
49, Local-gov,126446, Some-college,10, Never-married, Other-service, Unmarried, White, Female,0,0,30, United-States, <=50K
57, Private,250201, HS-grad,9, Widowed, Transport-moving, Unmarried, White, Male,0,0,50, United-States, <=50K
27, Private,289484, Some-college,10, Never-married, Adm-clerical, Own-child, White, Female,0,0,40, United-States, <=50K
46, Private,353219, 9th,5, Divorced, Other-service, Unmarried, White, Female,0,0,40, United-States, <=50K
74, ?,89667, Bachelors,13, Widowed, ?, Not-in-family, Other, Female,0,0,35, United-States, <=50K
27, Private,215504, Bachelors,13, Married-civ-spouse, Sales, Husband, White, Male,0,1848,55, United-States, >50K
25, Private,159732, Some-college,10, Never-married, Adm-clerical, Not-in-family, White, Male,0,0,42, United-States, <=50K
37, Private,34180, HS-grad,9, Married-civ-spouse, Craft-repair, Husband, White, Male,0,0,40, United-States, <=50K
21, Private,121023, Some-college,10, Never-married, Other-service, Own-child, White, Female,0,0,9, United-States, <=50K
37, Private,108140, Masters,14, Married-civ-spouse, Exec-managerial, Husband, White, Male,15024,0,45, United-States, >50K
53, State-gov,229465, Doctorate,16, Married-civ-spouse, Prof-specialty, Husband, White, Male,0,0,50, United-States, >50K
30, Private,145231, Assoc-acdm,12, Divorced, Adm-clerical, Own-child, White, Female,0,1762,40, United-States, <=50K
26, Private,255193, 11th,7, Married-civ-spouse, Exec-managerial, Husband, White, Male,3411,0,40, United-States, <=50K
37, Private,173968, HS-grad,9, Married-civ-spouse, Transport-moving, Husband, White, Male,0,0,40, United-States, <=50K
27, Private,289147, Bachelors,8, Never-married, Prof-specialty, Own-child, White, Female,0,0,40, United-States, <=50K
28, Private,180299, HS-grad,9, Married-civ-spouse, Transport-moving, Husband, White, Male,0,0,70, United-States, <=50K
30, Private,203258, HS-grad,9, Never-married, Other-service, Not-in-family, White, Female,0,0,35, United-States, <=50K
19, State-gov,112432, Some-college,10, Never-married, Adm-clerical, Own-child, White, Male,0,0,10, United-States, <=50K
33, Local-gov,43959, Masters,14, Married-civ-spouse, Prof-specialty, Husband, White, Male,7688,0,50, United-States, >50K
56, Private,116143, Bachelors,13, Married-civ-spouse, Adm-clerical, Husband, White, Male,5178,0,44, United-States, >50K
37, Private,138192, HS-grad,9, Married-civ-spouse, Craft-repair, Husband, White, Male,0,0,45, United-States, <=50K
25, Private,195201, HS-grad,9, Married-civ-spouse, Sales, Husband, Other, Male,0,0,50, United-States, <=50K
30, Self-emp-not-inc,45427, Assoc-voc,11, Divorced, Craft-repair, Not-in-family, White, Male,0,0,49, United-States, <=50K
48, Private,265192, HS-grad,9, Married-civ-spouse, Craft-repair, Husband, White, Male,0,0,45, United-States, <=50K
52, Private,229983, Prof-school,15, Married-civ-spouse, Prof-specialty, Wife, White, Female,3103,0,30, United-States, >50K
45, Self-emp-not-inc,31478, Bachelors,13, Married-civ-spouse, Sales, Husband, White, Male,2829,0,60, United-States, <=50K
25, Private,512771, 9th,5, Married-civ-spouse, Transport-moving, Husband, White, Male,0,0,45, United-States, <=50K
59, ?,147989, HS-grad,9, Widowed, ?, Not-in-family, White, Female,0,0,35, United-States, <=50K
21, Private,363192, Assoc-voc,11, Never-married, Other-service, Own-child, White, Female,0,0,40, United-States, <=50K
64, Private,69525, HS-grad,9, Divorced, Craft-repair, Unmarried, White, Male,0,0,20, United-States, <=50K
26, Private,159759, Bachelors,13, Never-married, Other-service, Own-child, White, Male,0,0,40, United-States, <=50K
75, Self-emp-not-inc,231741, Doctorate,16, Married-civ-spouse, Prof-specialty, Husband, White, Male,4931,0,3, United-States, <=50K
43, Self-emp-not-inc,277647, HS-grad,9, Married-civ-spouse, Exec-managerial, Husband, White, Male,0,0,35, United-States, <=50K
58, Local-gov,156649, 1st-4th,2, Widowed, Handlers-cleaners, Unmarried, Black, Male,0,0,40, United-States, <=50K
29, Private,108574, Assoc-voc,11, Never-married, Priv-house-serv, Own-child, White, Female,0,0,40, United-States, <=50K
56, Private,56331, HS-grad,9, Never-married, Machine-op-inspct, Not-in-family, Other, Male,0,0,32, United-States, <=50K
46, Private,319163, HS-grad,9, Married-civ-spouse, Craft-repair, Husband, Black, Male,0,0,40, United-States, <=50K
42, Private,136986, Bachelors,13, Married-civ-spouse, Exec-managerial, Husband, White, Male,0,0,40, United-States, >50K
36, Private,203717, HS-grad,9, Divorced, Craft-repair, Unmarried, White, Male,0,0,40, United-States, <=50K
46, Private,44671, Bachelors,13, Married-civ-spouse, Protective-serv, Husband, White, Male,0,0,40, United-States, <=50K
41, Private,153031, Some-college,10, Married-civ-spouse, Sales, Husband, White, Male,0,0,65, United-States, >50K
33, State-gov,173806, Masters,14, Never-married, Prof-specialty, Not-in-family, White, Male,0,0,30, United-States, <=50K
23, Private,528616, 5th-6th,3, Married-civ-spouse, Other-service, Husband, White, Male,0,0,40, Mexico, <=50K
28, Self-emp-not-inc,282398, HS-grad,9, Divorced, Craft-repair, Not-in-family, White, Male,0,0,35, United-States, <=50K
18, Private,198616, 12th,8, Never-married, Craft-repair, Own-child, White, Male,594,0,20, United-States, <=50K
25, Private,108658, HS-grad,9, Never-married, Exec-managerial, Not-in-family, White, Male,0,0,45, United-States, <=50K
81, ?,147097, Bachelors,13, Widowed, ?, Not-in-family, White, Male,0,0,5, United-States, <=50K
29, Federal-gov,229300, Bachelors,13, Never-married, Prof-specialty, Not-in-family, White, Male,0,2559,48, United-States, <=50K
63, Private,127363, Some-college,10, Married-civ-spouse, Prof-specialty, Wife, White, Female,0,0,12, United-States, <=50K
44, Private,248973, Bachelors,13, Divorced, Adm-clerical, Not-in-family, Black, Male,0,0,65, United-States, <=50K
64, Private,98586, Doctorate,16, Married-civ-spouse, Prof-specialty, Husband, White, Male,0,0,60, United-States, >50K
54, Private,174865, 9th,5, Married-civ-spouse, Exec-managerial, Husband, White, Male,0,0,45, United-States, >50K
35, Private,108293, Bachelors,13, Widowed, Prof-specialty, Unmarried, White, Female,0,0,32, United-States, >50K
41, Self-emp-not-inc,204235, Prof-school,15, Married-civ-spouse, Prof-specialty, Husband, White, Male,0,0,50, United-States, >50K
36, Private,162164, HS-grad,9, Married-civ-spouse, Craft-repair, Husband, White, Male,0,0,44, United-States, <=50K
20, Private,196678, 12th,8, Never-married, Adm-clerical, Own-child, White, Female,0,0,40, United-States, <=50K
25, Private,374163, 12th,8, Married-civ-spouse, Farming-fishing, Husband, Other, Male,0,0,60, Mexico, <=50K
58, Self-emp-not-inc,318106, HS-grad,9, Married-civ-spouse, Exec-managerial, Husband, White, Male,0,0,40, United-States, >50K
38, Private,391040, Assoc-voc,11, Separated, Tech-support, Unmarried, White, Female,0,0,20, United-States, <=50K
32, Private,250354, 10th,6, Never-married, Craft-repair, Other-relative, White, Male,0,0,45, United-States, <=50K
24, Private,39827, Some-college,10, Married-civ-spouse, Machine-op-inspct, Wife, Other, Female,0,0,40, Puerto-Rico, <=50K
30, Private,350979, HS-grad,9, Married-civ-spouse, Craft-repair, Husband, Asian-Pac-Islander, Male,0,0,40, Laos, <=50K
25, Private,456604, 11th,7, Married-civ-spouse, Machine-op-inspct, Husband, White, Male,0,0,40, United-States, <=50K
24, Local-gov,117109, Bachelors,13, Never-married, Adm-clerical, Own-child, Black, Female,0,0,27, United-States, <=50K
32, Private,258406, Some-college,10, Never-married, Craft-repair, Unmarried, White, Male,0,0,72, Mexico, <=50K
37, Private,291981, HS-grad,9, Divorced, Machine-op-inspct, Not-in-family, White, Male,0,0,40, United-States, <=50K
35, Private,159179, Some-college,10, Never-married, Sales, Not-in-family, White, Male,0,0,40, United-States, <=50K
42, Private,155469, Assoc-acdm,12, Widowed, Tech-support, Unmarried, White, Female,0,0,24, United-States, <=50K
