HospitalName,Condition
CALLAHAN EYE FOUNDATION HOSPITAL,Surgical Infection Prevention
CALLAHAN EYE FOUNDATION HOSPITAL,Surgical Infection Prevention
CALLAHAN EYE FOUNDATION HOSPITAL,Surgical Infection Prevention
CALLAHAN EYE FOUNDATION HOSPITAL,Surgical Infection Prevention
CALLAHAN EYE FOUNDATION HOSPITAL,Surgical Infection Prevention
CALLAHAN EYE FOUNDATION HOSPITAL,Surgical Infection Prevention
CALLAHAN EYE FOUNDATION HOSPITAL,Surgical Infection Prevention
CALLAHAN EYE FOUNDATION HOSPITAL,Surgical Infection Prevention
HELEN KELLER MEMORIAL HOSPITAL,Heart Attack
HELEN KELLER MEMORIAL HOSPITAL,Heart Attack
HELEN KELLER MEMORIAL HOSPITAL,Heart Attack
HELEN KELLER MEMORIAL HOSPITAL,Heart Attack
HELEN KELLER MEMORIAL HOSPITAL,Heart Attack
HELEN KELLER MEMORIAL HOSPITAL,Heart Attack
HELEN KELLER MEMORIAL HOSPITAL,Heart Attack
HELEN KELLER MEMORIAL HOSPITAL,Heart Failure
HELEN KELLER MEMORIAL HOSPITAL,Heart Failure
HELEN KELLER MEMORIAL HOSPITAL,Heart Failure
HELEN KELLER MEMORIAL HOSPITAL,Heart Failure
SOUTHEAST ALABAMA MEDICAL CENTER,Heart Attack
SOUTHEAST ALABAMA MEDICAL CENTER,Heart Attack
SOUTHEAST ALABAMA MEDICAL CENTER,Heart Attack
SOUTHEAST ALABAMA MEDICAL CENTER,Heart Attack
SOUTHEAST ALABAMA MEDICAL CENTER,Heart Attack
SOUTHEAST ALABAMA MEDICAL CENTER,Heart Attack
SOUTHEAST ALABAMA MEDICAL CENTER,Heart Attack
SOUTHEAST ALABAMA MEDICAL CENTER,Heart Failure
SOUTHEAST ALABAMA MEDICAL CENTER,Heart Failure
SOUTHEAST ALABAMA MEDICAL CENTER,Heart Failure
SOUTHEAST ALABAMA MEDICAL CENTER,Heart Failure
SOUTHEAST ALABAMA MEDICAL CENTER,Pneumonia
SOUTHEAST ALABAMA MEDICAL CENTER,Pneumonia
SOUTHEAST ALABAMA MEDICAL CENTER,Pneumonia
SOUTHEAST ALABAMA MEDICAL CENTER,Pneumonia
SOUTHEAST ALABAMA MEDICAL CENTER,Pneumonia
SOUTHEAST ALABAMA MEDICAL CENTER,Pneumonia
SOUTHEAST ALABAMA MEDICAL CENTER,Surgical Infection Prevention
SOUTHEAST ALABAMA MEDICAL CENTER,Surgical Infection Prevention
SOUTHEAST ALABAMA MEDICAL CENTER,Surgical Infection Prevention
SOUTHEAST ALABAMA MEDICAL CENTER,Surgical Infection Prevention
SOUTHEAST ALABAMA MEDICAL CENTER,Surgical Infection Prevention
SOUTHEAST ALABAMA MEDICAL CENTER,Surgical Infection Prevention
SOUTHEAST ALABAMA MEDICAL CENTER,Surgical Infection Prevention
SOUTHEAST ALABAMA MEDICAL CENTER,Surgical Infection Prevention
MARSHALL MEDICAL CENTER SOUTH,Heart Attack
MARSHALL MEDICAL CENTER SOUTH,Heart Attack
MARSHALL MEDICAL CENTER SOUTH,Heart Attack
MARSHALL MEDICAL CENTER SOUTH,Heart Attack
MARSHALL MEDICAL CENTER SOUTH,Heart Attack
MARSHALL MEDICAL CENTER SOUTH,Heart Attack
MARSHALL MEDICAL CENTER SOUTH,Heart Attack
MARSHALL MEDICAL CENTER SOUTH,Heart Failure
MARSHALL MEDICAL CENTER SOUTH,Heart Failure
MARSHALL MEDICAL CENTER SOUTH,Heart Failure
MARSHALL MEDICAL CENTER SOUTH,Heart Failure
MARSHALL MEDICAL CENTER SOUTH,Pneumonia
MARSHALL MEDICAL CENTER SOUTH,Pneumonia
MARSHALL MEDICAL CENTER SOUTH,Pneumonia
MARSHALL MEDICAL CENTER SOUTH,Pneumonia
MARSHALL MEDICAL CENTER SOUTH,Pneumonia
MARSHALL MEDICAL CENTER SOUTH,Pneumonia
MARSHALL MEDICAL CENTER SOUTH,Surgical Infection Prevention
MARSHALL MEDICAL CENTER SOUTH,Surgical Infection Prevention
MARSHALL MEDICAL CENTER SOUTH,Surgical Infection Prevention
MARSHALL MEDICAL CENTER SOUTH,Surgical Infection Prevention
MARSHALL MEDICAL CENTER SOUTH,Surgical Infection Prevention
MARSHALL MEDICAL CENTER SOUTH,Surgical Infection Prevention
MARSHALL MEDICAL CENTER SOUTH,Surgical Infection Prevention
MARSHALL MEDICAL CENTER SOUTH,Surgical Infection Prevention
ELIZA COFFEE MEMORIAL HOSPITAL,Heart Attack
ELIZA COFFEE MEMORIAL HOSPITAL,Heart Attack
ELIZA COFFEE MEMORIAL HOSPITAL,Heart Attack
ELIZA COFFEE MEMORIAL HOSPITAL,Heart Attack
ELIZA COFFEE MEMORIAL HOSPITAL,Heart Attack
ELIZA COFFEE MEMORIAL HOSPITAL,Heart Attack
ELIZA COFFEE MEMORIAL HOSPITAL,Heart Attack
ELIZA COFFEE MEMORIAL HOSPITAL,Heart Failure
ELIZA COFFEE MEMORIAL HOSPITAL,Heart Failure
ELIZA COFFEE MEMORIAL HOSPITAL,Heart Failure
ELIZA COFFEE MEMORIAL HOSPITAL,Heart Failure
ELIZA COFFEE MEMORIAL HOSPITAL,Pneumonia
ELIZA COFFEE MEMORIAL HOSPITAL,Pneumonia
ELIZA COFFEE MEMORIAL HOSPITAL,Pneumonia
ELIZA COFFEE MEMORIAL HOSPITAL,Pneumonia
ELIZA COFFEE MEMORIAL HOSPITAL,Pneumonia
ELIZA COFFEE MEMORIAL HOSPITAL,Pneumonia
ELIZA COFFEE MEMORIAL HOSPITAL,Surgical Infection Prevention
ELIZA COFFEE MEMORIAL HOSPITAL,Surgical Infection Prevention
ELIZA COFFEE MEMORIAL HOSPITAL,Surgical Infection Prevention
ELIZA COFFEE MEMORIAL HOSPITAL,Surgical Infection Prevention
ELIZA COFFEE MEMORIAL HOSPITAL,Surgical Infection Prevention
ELIZA COFFEE MEMORIAL HOSPITAL,Surgical Infection Prevention
ELIZA COFFEE MEMORIAL HOSPITAL,Surgical Infection Prevention
ELIZA COFFEE MEMORIAL HOSPITAL,Surgical Infection Prevention
MIZELL MEMORIAL HOSPITAL,Heart Attack
MIZELL MEMORIAL HOSPITAL,Heart Attack
MIZELL MEMORIAL HOSPITAL,Heart Attack
MIZELL MEMORIAL HOSPITAL,Heart Attack
MIZELL MEMORIAL HOSPITAL,Heart Attack
MIZELL MEMORIAL HOSPITAL,Heart Attack
MIZELL MEMORIAL HOSPITAL,Heart Attack
MIZELL MEMORIAL HOSPITAL,Heart Failure
MIZELL MEMORIAL HOSPITAL,Heart Failure
MIZELL MEMORIAL HOSPITAL,Heart Failure
MIZELL MEMORIAL HOSPITAL,Heart Failure
MIZELL MEMORIAL HOSPITAL,Pneumonia
MIZELL MEMORIAL HOSPITAL,Pneumonia
MIZELL MEMORIAL HOSPITAL,Pneumonia
MIZELL MEMORIAL HOSPITAL,Pneumonia
MIZELL MEMORIAL HOSPITAL,Pneumonia
MIZELL MEMORIAL HOSPITAL,Pneumonia
MIZELL MEMORIAL HOSPITAL,Surgical Infection Prevention
MIZELL MEMORIAL HOSPITAL,Surgical Infection Prevention
MIZELL MEMORIAL HOSPITAL,Surgical Infection Prevention
MIZELL MEMORIAL HOSPITAL,Surgical Infection Prevention
MIZELL MEMORIAL HOSPITAL,Surgical Infection Prevention
MIZELL MEMORIAL HOSPITAL,Surgical Infection Prevention
MIZELL MEMORIAL HOSPITAL,Surgical Infection Prevention
MIZELL MEMORIAL HOSPITAL,Surgical Infection Prevention
CRENSHAW COMMUNITY HOSPITAL,Heart Attack
CRENSHAW COMMUNITY HOSPITAL,Heart Attack
CRENSHAW COMMUNITY HOSPITAL,Heart Attack
CRENSHAW COMMUNITY HOSPITAL,Heart Attack
CRENSHAW COMMUNITY HOSPITAL,Heart Attack
CRENSHAW COMMUNITY HOSPITAL,Heart Attack
CRENSHAW COMMUNITY HOSPITAL,Heart Attack
CRENSHAW COMMUNITY HOSPITAL,Heart Failure
CRENSHAW COMMUNITY HOSPITAL,Heart Failure
CRENSHAW COMMUNITY HOSPITAL,Heart Failure
CRENSHAW COMMUNITY HOSPITAL,Heart Failure
CRENSHAW COMMUNITY HOSPITAL,Pneumonia
CRENSHAW COMMUNITY HOSPITAL,Pneumonia
CRENSHAW COMMUNITY HOSPITAL,Pneumonia
CRENSHAW COMMUNITY HOSPITAL,Pneumonia
CRENSHAW COMMUNITY HOSPITAL,Pneumonia
CRENSHAW COMMUNITY HOSPITAL,Pneumonia
CRENSHAW COMMUNITY HOSPITAL,Surgical Infection Prevention
CRENSHAW COMMUNITY HOSPITAL,Surgical Infection Prevention
CRENSHAW COMMUNITY HOSPITAL,Surgical Infection Prevention
CRENSHAW COMMUNITY HOSPITAL,Surgical Infection Prevention
CRENSHAW COMMUNITY HOSPITAL,Surgical Infection Prevention
CRENSHAW COMMUNITY HOSPITAL,Surgical Infection Prevention
CRENSHAW COMMUNITY HOSPITAL,Surgical Infection Prevention
CRENSHAW COMMUNITY HOSPITAL,Surgical Infection Prevention
HARTSELLE MEDICAL CENTER,Heart Attack
HARTSELLE MEDICAL CENTER,Heart Attack
HARTSELLE MEDICAL CENTER,Heart Attack
HARTSELLE MEDICAL CENTER,Heart Attack
HARTSELLE MEDICAL CENTER,Heart Attack
HARTSELLE MEDICAL CENTER,Heart Attack
HARTSELLE MEDICAL CENTER,Heart Attack
HARTSELLE MEDICAL CENTER,Heart Failure
HARTSELLE MEDICAL CENTER,Heart Failure
HARTSELLE MEDICAL CENTER,Heart Failure
HARTSELLE MEDICAL CENTER,Heart Failure
HARTSELLE MEDICAL CENTER,Pneumonia
HARTSELLE MEDICAL CENTER,Pneumonia
HARTSELLE MEDICAL CENTER,Pneumonia
HARTSELLE MEDICAL CENTER,Pneumonia
HARTSELLE MEDICAL CENTER,Pneumonia
HARTSELLE MEDICAL CENTER,Pneumonia
HARTSELLE MEDICAL CENTER,Surgical Infection Prevention
HARTSELLE MEDICAL CENTER,Surgical Infection Prevention
HARTSELLE MEDICAL CENTER,Surgical Infection Prevention
HARTSELLE MEDICAL CENTER,Surgical Infection Prevention
HARTSELLE MEDICAL CENTER,Surgical Infection Prevention
HARTSELLE MEDICAL CENTER,Surgical Infection Prevention
HARTSELLE MEDICAL CENTER,Surgical Infection Prevention
HARTSELLE MEDICAL CENTER,Surgical Infection Prevention
MARSHALL MEDICAL CENTER NORTH,Heart Attack
MARSHALL MEDICAL CENTER NORTH,Heart Attack
MARSHALL MEDICAL CENTER NORTH,Heart Attack
MARSHALL MEDICAL CENTER NORTH,Heart Attack
MARSHALL MEDICAL CENTER NORTH,Heart Attack
MARSHALL MEDICAL CENTER NORTH,Heart Attack
MARSHALL MEDICAL CENTER NORTH,Heart Attack
MARSHALL MEDICAL CENTER NORTH,Heart Failure
MARSHALL MEDICAL CENTER NORTH,Heart Failure
MARSHALL MEDICAL CENTER NORTH,Heart Failure
MARSHALL MEDICAL CENTER NORTH,Heart Failure
MARSHALL MEDICAL CENTER NORTH,Pneumonia
MARSHALL MEDICAL CENTER NORTH,Pneumonia
MARSHALL MEDICAL CENTER NORTH,Pneumonia
MARSHALL MEDICAL CENTER NORTH,Pneumonia
MARSHALL MEDICAL CENTER NORTH,Pneumonia
MARSHALL MEDICAL CENTER NORTH,Pneumonia
MARSHALL MEDICAL CENTER NORTH,Surgical Infection Prevention
MARSHALL MEDICAL CENTER NORTH,Surgical Infection Prevention
MARSHALL MEDICAL CENTER NORTH,Surgical Infection Prevention
MARSHALL MEDICAL CENTER NORTH,Surgical Infection Prevention
MARSHALL MEDICAL CENTER NORTH,Surgical Infection Prevention
MARSHALL MEDICAL CENTER NORTH,Surgical Infection Prevention
MARSHALL MEDICAL CENTER NORTH,Surgical Infection Prevention
MARSHALL MEDICAL CENTER NORTH,Surgical Infection Prevention
ST VINCENT'S EAST,Heart Attack
ST VINCENT'S EAST,Heart Attack
ST VINCENT'S EAST,Heart Attack
ST VINCENT'S EAST,Heart Attack
ST VINCENT'S EAST,Heart Attack
ST VINCENT'S EAST,Heart Attack
ST VINCENT'S EAST,Heart Attack
ST VINCENT'S EAST,Heart Failure
ST VINCENT'S EAST,Heart Failure
ST VINCENT'S EAST,Heart Failure
ST VINCENT'S EAST,Heart Failure
ST VINCENT'S EAST,Pneumonia
ST VINCENT'S EAST,Pneumonia
ST VINCENT'S EAST,Pneumonia
ST VINCENT'S EAST,Pneumonia
ST VINCENT'S EAST,Pneumonia
ST VINCENT'S EAST,Pneumonia
ST VINCENT'S EAST,Surgical Infection Prevention
ST VINCENT'S EAST,Surgical Infection Prevention
ST VINCENT'S EAST,Surgical Infection Prevention
ST VINCENT'S EAST,Surgical Infection Prevention
ST VINCENT'S EAST,Surgical Infection Prevention
ST VINCENT'S EAST,Surgical Infection Prevention
ST VINCENT'S EAST,Surgical Infection Prevention
ST VINCENT'S EAST,Surgical Infection Prevention
DEKALB REGIONAL MEDICAL CENTER,Heart Attack
DEKALB REGIONAL MEDICAL CENTER,Heart Attack
DEKALB REGIONAL MEDICAL CENTER,Heart Attack
DEKALB REGIONAL MEDICAL CENTER,Heart Attack
DEKALB REGIONAL MEDICAL CENTER,Heart Attack
DEKALB REGIONAL MEDICAL CENTER,Heart Attack
DEKALB REGIONAL MEDICAL CENTER,Heart Attack
DEKALB REGIONAL MEDICAL CENTER,Heart Failure
DEKALB REGIONAL MEDICAL CENTER,Heart Failure
DEKALB REGIONAL MEDICAL CENTER,Heart Failure
DEKALB REGIONAL MEDICAL CENTER,Heart Failure
DEKALB REGIONAL MEDICAL CENTER,Pneumonia
DEKALB REGIONAL MEDICAL CENTER,Pneumonia
DEKALB REGIONAL MEDICAL CENTER,Pneumonia
DEKALB REGIONAL MEDICAL CENTER,Pneumonia
DEKALB REGIONAL MEDICAL CENTER,Pneumonia
DEKALB REGIONAL MEDICAL CENTER,Pneumonia
DEKALB REGIONAL MEDICAL CENTER,Surgical Infection Prevention
DEKALB REGIONAL MEDICAL CENTER,Surgical Infection Prevention
DEKALB REGIONAL MEDICAL CENTER,Surgical Infection Prevention
DEKALB REGIONAL MEDICAL CENTER,Surgical Infection Prevention
DEKALB REGIONAL MEDICAL CENTER,Surgical Infection Prevention
DEKALB REGIONAL MEDICAL CENTER,Surgical Infection Prevention
DEKALB REGIONAL MEDICAL CENTER,Surgical Infection Prevention
DEKALB REGIONAL MEDICAL CENTER,Surgical Infection Prevention
SOUTHWEST ALABAMA MEDICAL CENTER,Heart Attack
SOUTHWEST ALABAMA MEDICAL CENTER,Heart Attack
SOUTHWEST ALABAMA MEDICAL CENTER,Heart Attack
SOUTHWEST ALABAMA MEDICAL CENTER,Heart Attack
SOUTHWEST ALABAMA MEDICAL CENTER,Heart Attack
SOUTHWEST ALABAMA MEDICAL CENTER,Heart Attack
SOUTHWEST ALABAMA MEDICAL CENTER,Heart Attack
SOUTHWEST ALABAMA MEDICAL CENTER,Heart Failure
SOUTHWEST ALABAMA MEDICAL CENTER,Heart Failure
SOUTHWEST ALABAMA MEDICAL CENTER,Heart Failure
SOUTHWEST ALABAMA MEDICAL CENTER,Heart Failure
SOUTHWEST ALABAMA MEDICAL CENTER,Pneumonia
SOUTHWEST ALABAMA MEDICAL CENTER,Pneumonia
SOUTHWEST ALABAMA MEDICAL CENTER,Pneumonia
SOUTHWEST ALABAMA MEDICAL CENTER,Pneumonia
SOUTHWEST ALABAMA MEDICAL CENTER,Pneumonia
SOUTHWEST ALABAMA MEDICAL CENTER,Pneumonia
SOUTHWEST ALABAMA MEDICAL CENTER,Surgical Infection Prevention
SOUTHWEST ALABAMA MEDICAL CENTER,Surgical Infection Prevention
SOUTHWEST ALABAMA MEDICAL CENTER,Surgical Infection Prevention
SOUTHWEST ALABAMA MEDICAL CENTER,Surgical Infection Prevention
SOUTHWEST ALABAMA MEDICAL CENTER,Surgical Infection Prevention
SOUTHWEST ALABAMA MEDICAL CENTER,Surgical Infection Prevention
SOUTHWEST ALABAMA MEDICAL CENTER,Surgical Infection Prevention
SOUTHWEST ALABAMA MEDICAL CENTER,Surgical Infection Prevention
SHELBY BAPTIST MEDICAL CENTER,Heart Attack
SHELBY BAPTIST MEDICAL CENTER,Heart Attack
SHELBY BAPTIST MEDICAL CENTER,Heart Attack
SHELBY BAPTIST MEDICAL CENTER,Heart Attack
SHELBY BAPTIST MEDICAL CENTER,Heart Attack
SHELBY BAPTIST MEDICAL CENTER,Heart Attack
SHELBY BAPTIST MEDICAL CENTER,Heart Attack
SHELBY BAPTIST MEDICAL CENTER,Heart Failure
SHELBY BAPTIST MEDICAL CENTER,Heart Failure
SHELBY BAPTIST MEDICAL CENTER,Heart Failure
SHELBY BAPTIST MEDICAL CENTER,Heart Failure
SHELBY BAPTIST MEDICAL CENTER,Pneumonia
SHELBY BAPTIST MEDICAL CENTER,Pneumonia
SHELBY BAPTIST MEDICAL CENTER,Pneumonia
SHELBY BAPTIST MEDICAL CENTER,Pneumonia
SHELBY BAPTIST MEDICAL CENTER,Pneumonia
SHELBY BAPTIST MEDICAL CENTER,Pneumonia
SHELBY BAPTIST MEDICAL CENTER,Surgical Infection Prevention
SHELBY BAPTIST MEDICAL CENTER,Surgical Infection Prevention
SHELBY BAPTIST MEDICAL CENTER,Surgical Infection Prevention
SHELBY BAPTIST MEDICAL CENTER,Surgical Infection Prevention
SHELBY BAPTIST MEDICAL CENTER,Surgical Infection Prevention
SHELBY BAPTIST MEDICAL CENTER,Surgical Infection Prevention
SHELBY BAPTIST MEDICAL CENTER,Surgical Infection Prevention
SHELBY BAPTIST MEDICAL CENTER,Surgical Infection Prevention
CALLAHAN EYE FOUNDATION HOSPITAL,Heart Attack
CALLAHAN EYE FOUNDATION HOSPITAL,Heart Attack
CALLAHAN EYE FOUNDATION HOSPITAL,Heart Attack
CALLAHAN EYE FOUNDATION HOSPITAL,Heart Attack
CALLAHAN EYE FOUNDATION HOSPITAL,Heart Attack
CALLAHAN EYE FOUNDATION HOSPITAL,Heart Attack
CALLAHAN EYE FOUNDATION HOSPITAL,Heart Attack
CALLAHAN EYE FOUNDATION HOSPITAL,Heart Failure
CALLAHAN EYE FOUNDATION HOSPITAL,Heart Failure
CALLAHAN EYE FOUNDATION HOSPITAL,Heart Failure
CALLAHAN EYE FOUNDATION HOSPITAL,Heart Failure
CALLAHAN EYE FOUNDATION HOSPITAL,Pneumonia
CALLAHAN EYE FOUNDATION HOSPITAL,Pneumonia
CALLAHAN EYE FOUNDATION HOSPITAL,Pneumonia
CALLAHAN EYE FOUNDATION HOSPITAL,Pneumonia
CALLAHAN EYE FOUNDATION HOSPITAL,Pneumonia
CALLAHAN EYE FOUNDATION HOSPITAL,Pneumonia
STRINGFELLOW MEMORIAL HOSPITAL,Children&#8217;s Asthma Care
STRINGFELLOW MEMORIAL HOSPITAL,Children&#8217;s Asthma Care
STRINGFELLOW MEMORIAL HOSPITAL,Heart Attack
STRINGFELLOW MEMORIAL HOSPITAL,Heart Attack
STRINGFELLOW MEMORIAL HOSPITAL,Heart Attack
STRINGFELLOW MEMORIAL HOSPITAL,Heart Attack
STRINGFELLOW MEMORIAL HOSPITAL,Heart Attack
STRINGFELLOW MEMORIAL HOSPITAL,Heart Attack
STRINGFELLOW MEMORIAL HOSPITAL,Heart Attack
STRINGFELLOW MEMORIAL HOSPITAL,Heart Failure
STRINGFELLOW MEMORIAL HOSPITAL,Heart Failure
STRINGFELLOW MEMORIAL HOSPITAL,Heart Failure
STRINGFELLOW MEMORIAL HOSPITAL,Heart Failure
STRINGFELLOW MEMORIAL HOSPITAL,Pneumonia
STRINGFELLOW MEMORIAL HOSPITAL,Pneumonia
STRINGFELLOW MEMORIAL HOSPITAL,Pneumonia
STRINGFELLOW MEMORIAL HOSPITAL,Pneumonia
STRINGFELLOW MEMORIAL HOSPITAL,Pneumonia
STRINGFELLOW MEMORIAL HOSPITAL,Pneumonia
STRINGFELLOW MEMORIAL HOSPITAL,Surgical Infection Prevention
FLOWERS HOSPITAL,Heart Failure
FLOWERS HOSPITAL,Heart Failure
FLOWERS HOSPITAL,Heart Failure
FLOWERS HOSPITAL,Pneumonia
FLOWERS HOSPITAL,Pneumonia
FLOWERS HOSPITAL,Pneumonia
FLOWERS HOSPITAL,Pneumonia
FLOWERS HOSPITAL,Pneumonia
FLOWERS HOSPITAL,Pneumonia
FLOWERS HOSPITAL,Surgical Infection Prevention
FLOWERS HOSPITAL,Surgical Infection Prevention
FLOWERS HOSPITAL,Surgical Infection Prevention
FLOWERS HOSPITAL,Surgical Infection Prevention
FLOWERS HOSPITAL,Surgical Infection Prevention
FLOWERS HOSPITAL,Surgical Infection Prevention
FLOWERS HOSPITAL,Surgical Infection Prevention
FLOWERS HOSPITAL,Surgical Infection Prevention
ST VINCENTS HOSPITAL,Heart Attack
ST VINCENTS HOSPITAL,Heart Attack
ST VINCENTS HOSPITAL,Heart Attack
ST VINCENTS HOSPITAL,Heart Attack
ST VINCENTS HOSPITAL,Heart Attack
DECATUR GENERAL HOSPITAL,Surgical Infection Prevention
NORTHWEST MEDICAL CENTER,Heart Attack
NORTHWEST MEDICAL CENTER,Heart Attack
NORTHWEST MEDICAL CENTER,Heart Attack
NORTHWEST MEDICAL CENTER,Heart Attack
NORTHWEST MEDICAL CENTER,Heart Attack
NORTHWEST MEDICAL CENTER,Heart Attack
NORTHWEST MEDICAL CENTER,Heart Attack
NORTHWEST MEDICAL CENTER,Heart Failure
NORTHWEST MEDICAL CENTER,Heart Failure
NORTHWEST MEDICAL CENTER,Heart Failure
NORTHWEST MEDICAL CENTER,Heart Failure
NORTHWEST MEDICAL CENTER,Pneumonia
NORTHWEST MEDICAL CENTER,Pneumonia
NORTHWEST MEDICAL CENTER,Pneumonia
NORTHWEST MEDICAL CENTER,Pneumonia
NORTHWEST MEDICAL CENTER,Pneumonia
NORTHWEST MEDICAL CENTER,Pneumonia
NORTHWEST MEDICAL CENTER,Surgical Infection Prevention
NORTHWEST MEDICAL CENTER,Surgical Infection Prevention
NORTHWEST MEDICAL CENTER,Surgical Infection Prevention
NORTHWEST MEDICAL CENTER,Surgical Infection Prevention
NORTHWEST MEDICAL CENTER,Surgical Infection Prevention
NORTHWEST MEDICAL CENTER,Surgical Infection Prevention
NORTHWEST MEDICAL CENTER,Surgical Infection Prevention
NORTHWEST MEDICAL CENTER,Surgical Infection Prevention
UNIV OF SOUTH ALABAMA MEDICAL CENTER,Heart Attack
UNIV OF SOUTH ALABAMA MEDICAL CENTER,Heart Attack
UNIV OF SOUTH ALABAMA MEDICAL CENTER,Heart Attack
UNIV OF SOUTH ALABAMA MEDICAL CENTER,Heart Attack
UNIV OF SOUTH ALABAMA MEDICAL CENTER,Heart Attack
UNIV OF SOUTH ALABAMA MEDICAL CENTER,Heart Attack
UNIV OF SOUTH ALABAMA MEDICAL CENTER,Heart Attack
UNIV OF SOUTH ALABAMA MEDICAL CENTER,Heart Failure
UNIV OF SOUTH ALABAMA MEDICAL CENTER,Heart Failure
UNIV OF SOUTH ALABAMA MEDICAL CENTER,Heart Failure
UNIV OF SOUTH ALABAMA MEDICAL CENTER,Heart Failure
UNIV OF SOUTH ALABAMA MEDICAL CENTER,Pneumonia
UNIV OF SOUTH ALABAMA MEDICAL CENTER,Pneumonia
PRATTVILLE BAPTIST HOSPITAL,Heart Attack
PRATTVILLE BAPTIST HOSPITAL,Heart Attack
PRATTVILLE BAPTIST HOSPITAL,Heart Attack
PRATTVILLE BAPTIST HOSPITAL,Heart Attack
PRATTVILLE BAPTIST HOSPITAL,Heart Attack
PRATTVILLE BAPTIST HOSPITAL,Heart Attack
PRATTVILLE BAPTIST HOSPITAL,Heart Failure
PRATTVILLE BAPTIST HOSPITAL,Heart Failure
PRATTVILLE BAPTIST HOSPITAL,Heart Failure
PRATTVILLE BAPTIST HOSPITAL,Heart Failure
PRATTVILLE BAPTIST HOSPITAL,Pneumonia
PRATTVILLE BAPTIST HOSPITAL,Pneumonia
PRATTVILLE BAPTIST HOSPITAL,Pneumonia
PRATTVILLE BAPTIST HOSPITAL,Pneumonia
PRATTVILLE BAPTIST HOSPITAL,Pneumonia
PRATTVILLE BAPTIST HOSPITAL,Pneumonia
PRATTVILLE BAPTIST HOSPITAL,Surgical Infection Prevention
PRATTVILLE BAPTIST HOSPITAL,Surgical Infection Prevention
PRATTVILLE BAPTIST HOSPITAL,Surgical Infection Prevention
PRATTVILLE BAPTIST HOSPITAL,Surgical Infection Prevention
RUSSELLVILLE HOSPITAL,Surgical Infection Prevention
RUSSELLVILLE HOSPITAL,Surgical Infection Prevention
COOSA VALLEY MEDICAL CENTER,Heart Attack
COOSA VALLEY MEDICAL CENTER,Heart Attack
COOSA VALLEY MEDICAL CENTER,Heart Attack
COOSA VALLEY MEDICAL CENTER,Heart Attack
COOSA VALLEY MEDICAL CENTER,Heart Attack
COOSA VALLEY MEDICAL CENTER,Heart Attack
COOSA VALLEY MEDICAL CENTER,Heart Attack
COOSA VALLEY MEDICAL CENTER,Heart Attack
COOSA VALLEY MEDICAL CENTER,Heart Attack
COOSA VALLEY MEDICAL CENTER,Heart Attack
COOSA VALLEY MEDICAL CENTER,Heart Attack
COOSA VALLEY MEDICAL CENTER,Heart Attack
COOSA VALLEY MEDICAL CENTER,Heart Attack
COOSA VALLEY MEDICAL CENTER,Heart Attack
COOSA VALLEY MEDICAL CENTER,Heart Attack
COOSA VALLEY MEDICAL CENTER,Heart Attack
COOSA VALLEY MEDICAL CENTER,Heart Attack
COOSA VALLEY MEDICAL CENTER,Surgical Infection Prevention
ALASKA REGIONAL HOSPITAL,Heart Failure
ALASKA REGIONAL HOSPITAL,Heart Failure
ALASKA REGIONAL HOSPITAL,Heart Failure
ALASKA REGIONAL HOSPITAL,Heart Failure
ALASKA REGIONAL HOSPITAL,Pneumonia
ALASKA REGIONAL HOSPITAL,Pneumonia
ALASKA REGIONAL HOSPITAL,Pneumonia
ALASKA REGIONAL HOSPITAL,Pneumonia
ALASKA REGIONAL HOSPITAL,Pneumonia
ALASKA REGIONAL HOSPITAL,Pneumonia
ALASKA REGIONAL HOSPITAL,Surgical Infection Prevention
ALASKA REGIONAL HOSPITAL,Surgical Infection Prevention
ALASKA REGIONAL HOSPITAL,Surgical Infection Prevention
ALASKA REGIONAL HOSPITAL,Surgical Infection Prevention
ALASKA REGIONAL HOSPITAL,Surgical Infection Prevention
ALASKA REGIONAL HOSPITAL,Surgical Infection Prevention
ALASKA REGIONAL HOSPITAL,Surgical Infection Prevention
ALASKA REGIONAL HOSPITAL,Surgical Infection Prevention
YUKON KUSKOKWIM DELTA REG HOSPITAL,Heart Attack
YUKON KUSKOKWIM DELTA REG HOSPITAL,Heart Attack
HELEN KELLER MEMORIAL HOSPITAL,Pneumonia
HELEN KELLER MEMORIAL HOSPITAL,Pneumonia
HELEN KELLER MEMORIAL HOSPITAL,Pneumonia
HELEN KELLER MEMORIAL HOSPITAL,Pneumonia
HELEN KELLER MEMORIAL HOSPITAL,Pneumonia
HELEN KELLER MEMORIAL HOSPITAL,Pneumonia
HELEN KELLER MEMORIAL HOSPITAL,Surgical Infection Prevention
HELEN KELLER MEMORIAL HOSPITAL,Surgical Infection Prevention
HELEN KELLER MEMORIAL HOSPITAL,Surgical Infection Prevention
HELEN KELLER MEMORIAL HOSPITAL,Surgical Infection Prevention
HELEN KELLER MEMORIAL HOSPITAL,Surgical Infection Prevention
HELEN KELLER MEMORIAL HOSPITAL,Surgical Infection Prevention
HELEN KELLER MEMORIAL HOSPITAL,Surgical Infection Prevention
HELEN KELLER MEMORIAL HOSPITAL,Surgical Infection Prevention
DALE MEDICAL CENTER,Heart Attack
DALE MEDICAL CENTER,Heart Attack
DALE MEDICAL CENTER,Heart Attack
DALE MEDICAL CENTER,Heart Attack
DALE MEDICAL CENTER,Heart Attack
DALE MEDICAL CENTER,Heart Attack
DALE MEDICAL CENTER,Heart Attack
DALE MEDICAL CENTER,Heart Failure
DALE MEDICAL CENTER,Heart Failure
DALE MEDICAL CENTER,Heart Failure
DALE MEDICAL CENTER,Heart Failure
DALE MEDICAL CENTER,Pneumonia
DALE MEDICAL CENTER,Pneumonia
DALE MEDICAL CENTER,Pneumonia
DALE MEDICAL CENTER,Pneumonia
DALE MEDICAL CENTER,Pneumonia
DALE MEDICAL CENTER,Pneumonia
DALE MEDICAL CENTER,Surgical Infection Prevention
DALE MEDICAL CENTER,Surgical Infection Prevention
DALE MEDICAL CENTER,Surgical Infection Prevention
DALE MEDICAL CENTER,Surgical Infection Prevention
DALE MEDICAL CENTER,Surgical Infection Prevention
DALE MEDICAL CENTER,Surgical Infection Prevention
DALE MEDICAL CENTER,Surgical Infection Prevention
DALE MEDICAL CENTER,Surgical Infection Prevention
CHEROKEE MEDICAL CENTER,Heart Attack
CHEROKEE MEDICAL CENTER,Heart Attack
CHEROKEE MEDICAL CENTER,Heart Attack
CHEROKEE MEDICAL CENTER,Heart Attack
CHEROKEE MEDICAL CENTER,Heart Attack
CHEROKEE MEDICAL CENTER,Heart Attack
CHEROKEE MEDICAL CENTER,Heart Attack
CHEROKEE MEDICAL CENTER,Heart Failure
CHEROKEE MEDICAL CENTER,Heart Failure
CHEROKEE MEDICAL CENTER,Heart Failure
CHEROKEE MEDICAL CENTER,Heart Failure
CHEROKEE MEDICAL CENTER,Pneumonia
CHEROKEE MEDICAL CENTER,Pneumonia
CHEROKEE MEDICAL CENTER,Pneumonia
CHEROKEE MEDICAL CENTER,Pneumonia
CHEROKEE MEDICAL CENTER,Pneumonia
CHEROKEE MEDICAL CENTER,Pneumonia
CHEROKEE MEDICAL CENTER,Surgical Infection Prevention
CHEROKEE MEDICAL CENTER,Surgical Infection Prevention
CHEROKEE MEDICAL CENTER,Surgical Infection Prevention
CHEROKEE MEDICAL CENTER,Surgical Infection Prevention
CHEROKEE MEDICAL CENTER,Surgical Infection Prevention
CHEROKEE MEDICAL CENTER,Surgical Infection Prevention
CHEROKEE MEDICAL CENTER,Surgical Infection Prevention
CHEROKEE MEDICAL CENTER,Surgical Infection Prevention
BAPTIST MEDICAL CENTER SOUTH,Heart Attack
BAPTIST MEDICAL CENTER SOUTH,Heart Attack
BAPTIST MEDICAL CENTER SOUTH,Heart Attack
BAPTIST MEDICAL CENTER SOUTH,Heart Attack
BAPTIST MEDICAL CENTER SOUTH,Heart Attack
BAPTIST MEDICAL CENTER SOUTH,Heart Attack
BAPTIST MEDICAL CENTER SOUTH,Heart Attack
BAPTIST MEDICAL CENTER SOUTH,Heart Failure
BAPTIST MEDICAL CENTER SOUTH,Heart Failure
BAPTIST MEDICAL CENTER SOUTH,Heart Failure
BAPTIST MEDICAL CENTER SOUTH,Heart Failure
BAPTIST MEDICAL CENTER SOUTH,Pneumonia
BAPTIST MEDICAL CENTER SOUTH,Pneumonia
BAPTIST MEDICAL CENTER SOUTH,Pneumonia
BAPTIST MEDICAL CENTER SOUTH,Pneumonia
BAPTIST MEDICAL CENTER SOUTH,Pneumonia
BAPTIST MEDICAL CENTER SOUTH,Pneumonia
BAPTIST MEDICAL CENTER SOUTH,Surgical Infection Prevention
BAPTIST MEDICAL CENTER SOUTH,Surgical Infection Prevention
BAPTIST MEDICAL CENTER SOUTH,Surgical Infection Prevention
BAPTIST MEDICAL CENTER SOUTH,Surgical Infection Prevention
BAPTIST MEDICAL CENTER SOUTH,Surgical Infection Prevention
BAPTIST MEDICAL CENTER SOUTH,Surgical Infection Prevention
BAPTIST MEDICAL CENTER SOUTH,Surgical Infection Prevention
BAPTIST MEDICAL CENTER SOUTH,Surgical Infection Prevention
JACKSON HOSPITAL & CLINIC INC,Heart Attack
JACKSON HOSPITAL & CLINIC INC,Heart Attack
JACKSON HOSPITAL & CLINIC INC,Heart Attack
JACKSON HOSPITAL & CLINIC INC,Heart Attack
JACKSON HOSPITAL & CLINIC INC,Heart Attack
JACKSON HOSPITAL & CLINIC INC,Heart Attack
JACKSON HOSPITAL & CLINIC INC,Heart Attack
JACKSON HOSPITAL & CLINIC INC,Heart Failure
JACKSON HOSPITAL & CLINIC INC,Heart Failure
JACKSON HOSPITAL & CLINIC INC,Heart Failure
JACKSON HOSPITAL & CLINIC INC,Heart Failure
JACKSON HOSPITAL & CLINIC INC,Pneumonia
JACKSON HOSPITAL & CLINIC INC,Pneumonia
JACKSON HOSPITAL & CLINIC INC,Pneumonia
JACKSON HOSPITAL & CLINIC INC,Pneumonia
JACKSON HOSPITAL & CLINIC INC,Pneumonia
JACKSON HOSPITAL & CLINIC INC,Pneumonia
JACKSON HOSPITAL & CLINIC INC,Surgical Infection Prevention
JACKSON HOSPITAL & CLINIC INC,Surgical Infection Prevention
JACKSON HOSPITAL & CLINIC INC,Surgical Infection Prevention
JACKSON HOSPITAL & CLINIC INC,Surgical Infection Prevention
JACKSON HOSPITAL & CLINIC INC,Surgical Infection Prevention
JACKSON HOSPITAL & CLINIC INC,Surgical Infection Prevention
JACKSON HOSPITAL & CLINIC INC,Surgical Infection Prevention
JACKSON HOSPITAL & CLINIC INC,Surgical Infection Prevention
G H LANIER MEMORIAL HOSPITAL,Heart Attack
G H LANIER MEMORIAL HOSPITAL,Heart Attack
G H LANIER MEMORIAL HOSPITAL,Heart Attack
G H LANIER MEMORIAL HOSPITAL,Heart Attack
G H LANIER MEMORIAL HOSPITAL,Heart Attack
G H LANIER MEMORIAL HOSPITAL,Heart Attack
G H LANIER MEMORIAL HOSPITAL,Heart Attack
G H LANIER MEMORIAL HOSPITAL,Heart Failure
G H LANIER MEMORIAL HOSPITAL,Heart Failure
G H LANIER MEMORIAL HOSPITAL,Heart Failure
G H LANIER MEMORIAL HOSPITAL,Heart Failure
G H LANIER MEMORIAL HOSPITAL,Pneumonia
G H LANIER MEMORIAL HOSPITAL,Pneumonia
G H LANIER MEMORIAL HOSPITAL,Pneumonia
G H LANIER MEMORIAL HOSPITAL,Pneumonia
G H LANIER MEMORIAL HOSPITAL,Pneumonia
G H LANIER MEMORIAL HOSPITAL,Pneumonia
G H LANIER MEMORIAL HOSPITAL,Surgical Infection Prevention
G H LANIER MEMORIAL HOSPITAL,Surgical Infection Prevention
G H LANIER MEMORIAL HOSPITAL,Surgical Infection Prevention
G H LANIER MEMORIAL HOSPITAL,Surgical Infection Prevention
G H LANIER MEMORIAL HOSPITAL,Surgical Infection Prevention
G H LANIER MEMORIAL HOSPITAL,Surgical Infection Prevention
G H LANIER MEMORIAL HOSPITAL,Surgical Infection Prevention
G H LANIER MEMORIAL HOSPITAL,Surgical Infection Prevention
ELBA GENERAL HOSPITAL,Heart Attack
ELBA GENERAL HOSPITAL,Heart Attack
ELBA GENERAL HOSPITAL,Heart Attack
ELBA GENERAL HOSPITAL,Heart Attack
ELBA GENERAL HOSPITAL,Heart Attack
ELBA GENERAL HOSPITAL,Heart Attack
ELBA GENERAL HOSPITAL,Heart Attack
ELBA GENERAL HOSPITAL,Heart Failure
ELBA GENERAL HOSPITAL,Heart Failure
ELBA GENERAL HOSPITAL,Heart Failure
ELBA GENERAL HOSPITAL,Heart Failure
ELBA GENERAL HOSPITAL,Pneumonia
ELBA GENERAL HOSPITAL,Pneumonia
ELBA GENERAL HOSPITAL,Pneumonia
ELBA GENERAL HOSPITAL,Pneumonia
ELBA GENERAL HOSPITAL,Pneumonia
ELBA GENERAL HOSPITAL,Pneumonia
ELBA GENERAL HOSPITAL,Surgical Infection Prevention
ELBA GENERAL HOSPITAL,Surgical Infection Prevention
ELBA GENERAL HOSPITAL,Surgical Infection Prevention
ELBA GENERAL HOSPITAL,Surgical Infection Prevention
ELBA GENERAL HOSPITAL,Surgical Infection Prevention
ELBA GENERAL HOSPITAL,Surgical Infection Prevention
ELBA GENERAL HOSPITAL,Surgical Infection Prevention
ELBA GENERAL HOSPITAL,Surgical Infection Prevention
EAST ALABAMA MEDICAL CENTER AND SNF,Heart Attack
EAST ALABAMA MEDICAL CENTER AND SNF,Heart Attack
EAST ALABAMA MEDICAL CENTER AND SNF,Heart Attack
EAST ALABAMA MEDICAL CENTER AND SNF,Heart Attack
EAST ALABAMA MEDICAL CENTER AND SNF,Heart Attack
EAST ALABAMA MEDICAL CENTER AND SNF,Heart Attack
EAST ALABAMA MEDICAL CENTER AND SNF,Heart Attack
EAST ALABAMA MEDICAL CENTER AND SNF,Heart Failure
EAST ALABAMA MEDICAL CENTER AND SNF,Heart Failure
EAST ALABAMA MEDICAL CENTER AND SNF,Heart Failure
EAST ALABAMA MEDICAL CENTER AND SNF,Heart Failure
EAST ALABAMA MEDICAL CENTER AND SNF,Pneumonia
EAST ALABAMA MEDICAL CENTER AND SNF,Pneumonia
EAST ALABAMA MEDICAL CENTER AND SNF,Pneumonia
EAST ALABAMA MEDICAL CENTER AND SNF,Pneumonia
EAST ALABAMA MEDICAL CENTER AND SNF,Pneumonia
EAST ALABAMA MEDICAL CENTER AND SNF,Pneumonia
EAST ALABAMA MEDICAL CENTER AND SNF,Surgical Infection Prevention
EAST ALABAMA MEDICAL CENTER AND SNF,Surgical Infection Prevention
EAST ALABAMA MEDICAL CENTER AND SNF,Surgical Infection Prevention
EAST ALABAMA MEDICAL CENTER AND SNF,Surgical Infection Prevention
EAST ALABAMA MEDICAL CENTER AND SNF,Surgical Infection Prevention
EAST ALABAMA MEDICAL CENTER AND SNF,Surgical Infection Prevention
EAST ALABAMA MEDICAL CENTER AND SNF,Surgical Infection Prevention
EAST ALABAMA MEDICAL CENTER AND SNF,Surgical Infection Prevention
WEDOWEE HOSPITAL,Heart Attack
WEDOWEE HOSPITAL,Heart Attack
WEDOWEE HOSPITAL,Heart Attack
WEDOWEE HOSPITAL,Heart Attack
WEDOWEE HOSPITAL,Heart Attack
WEDOWEE HOSPITAL,Heart Attack
WEDOWEE HOSPITAL,Heart Attack
WEDOWEE HOSPITAL,Heart Failure
WEDOWEE HOSPITAL,Heart Failure
WEDOWEE HOSPITAL,Heart Failure
WEDOWEE HOSPITAL,Heart Failure
WEDOWEE HOSPITAL,Pneumonia
WEDOWEE HOSPITAL,Pneumonia
WEDOWEE HOSPITAL,Pneumonia
WEDOWEE HOSPITAL,Pneumonia
WEDOWEE HOSPITAL,Pneumonia
WEDOWEE HOSPITAL,Pneumonia
WEDOWEE HOSPITAL,Surgical Infection Prevention
WEDOWEE HOSPITAL,Surgical Infection Prevention
WEDOWEE HOSPITAL,Surgical Infection Prevention
WEDOWEE HOSPITAL,Surgical Infection Prevention
WEDOWEE HOSPITAL,Surgical Infection Prevention
WEDOWEE HOSPITAL,Surgical Infection Prevention
WEDOWEE HOSPITAL,Surgical Infection Prevention
WEDOWEE HOSPITAL,Surgical Infection Prevention
UNIVERSITY OF ALABAMA HOSPITAL,Heart Attack
UNIVERSITY OF ALABAMA HOSPITAL,Heart Attack
UNIVERSITY OF ALABAMA HOSPITAL,Heart Attack
UNIVERSITY OF ALABAMA HOSPITAL,Heart Attack
UNIVERSITY OF ALABAMA HOSPITAL,Heart Attack
UNIVERSITY OF ALABAMA HOSPITAL,Heart Attack
UNIVERSITY OF ALABAMA HOSPITAL,Heart Attack
UNIVERSITY OF ALABAMA HOSPITAL,Heart Failure
UNIVERSITY OF ALABAMA HOSPITAL,Heart Failure
UNIVERSITY OF ALABAMA HOSPITAL,Heart Failure
UNIVERSITY OF ALABAMA HOSPITAL,Heart Failure
UNIVERSITY OF ALABAMA HOSPITAL,Pneumonia
UNIVERSITY OF ALABAMA HOSPITAL,Pneumonia
UNIVERSITY OF ALABAMA HOSPITAL,Pneumonia
UNIVERSITY OF ALABAMA HOSPITAL,Pneumonia
UNIVERSITY OF ALABAMA HOSPITAL,Pneumonia
UNIVERSITY OF ALABAMA HOSPITAL,Pneumonia
UNIVERSITY OF ALABAMA HOSPITAL,Surgical Infection Prevention
UNIVERSITY OF ALABAMA HOSPITAL,Surgical Infection Prevention
UNIVERSITY OF ALABAMA HOSPITAL,Surgical Infection Prevention
UNIVERSITY OF ALABAMA HOSPITAL,Surgical Infection Prevention
UNIVERSITY OF ALABAMA HOSPITAL,Surgical Infection Prevention
UNIVERSITY OF ALABAMA HOSPITAL,Surgical Infection Prevention
UNIVERSITY OF ALABAMA HOSPITAL,Surgical Infection Prevention
UNIVERSITY OF ALABAMA HOSPITAL,Surgical Infection Prevention
COMMUNITY HOSPITAL INC,Heart Attack
COMMUNITY HOSPITAL INC,Heart Attack
COMMUNITY HOSPITAL INC,Heart Attack
COMMUNITY HOSPITAL INC,Heart Attack
COMMUNITY HOSPITAL INC,Heart Attack
COMMUNITY HOSPITAL INC,Heart Attack
COMMUNITY HOSPITAL INC,Heart Attack
COMMUNITY HOSPITAL INC,Heart Failure
COMMUNITY HOSPITAL INC,Heart Failure
COMMUNITY HOSPITAL INC,Heart Failure
COMMUNITY HOSPITAL INC,Heart Failure
COMMUNITY HOSPITAL INC,Pneumonia
COMMUNITY HOSPITAL INC,Pneumonia
COMMUNITY HOSPITAL INC,Pneumonia
COMMUNITY HOSPITAL INC,Pneumonia
COMMUNITY HOSPITAL INC,Pneumonia
COMMUNITY HOSPITAL INC,Pneumonia
COMMUNITY HOSPITAL INC,Surgical Infection Prevention
COMMUNITY HOSPITAL INC,Surgical Infection Prevention
COMMUNITY HOSPITAL INC,Surgical Infection Prevention
COMMUNITY HOSPITAL INC,Surgical Infection Prevention
COMMUNITY HOSPITAL INC,Surgical Infection Prevention
COMMUNITY HOSPITAL INC,Surgical Infection Prevention
COMMUNITY HOSPITAL INC,Surgical Infection Prevention
COMMUNITY HOSPITAL INC,Surgical Infection Prevention
CULLMAN REGIONAL MEDICAL CENTER,Heart Attack
CULLMAN REGIONAL MEDICAL CENTER,Heart Attack
CULLMAN REGIONAL MEDICAL CENTER,Heart Attack
CULLMAN REGIONAL MEDICAL CENTER,Heart Attack
CULLMAN REGIONAL MEDICAL CENTER,Heart Attack
CULLMAN REGIONAL MEDICAL CENTER,Heart Attack
CULLMAN REGIONAL MEDICAL CENTER,Heart Attack
CULLMAN REGIONAL MEDICAL CENTER,Heart Failure
CULLMAN REGIONAL MEDICAL CENTER,Heart Failure
CULLMAN REGIONAL MEDICAL CENTER,Heart Failure
CULLMAN REGIONAL MEDICAL CENTER,Heart Failure
CULLMAN REGIONAL MEDICAL CENTER,Pneumonia
CULLMAN REGIONAL MEDICAL CENTER,Pneumonia
CULLMAN REGIONAL MEDICAL CENTER,Pneumonia
CULLMAN REGIONAL MEDICAL CENTER,Pneumonia
CULLMAN REGIONAL MEDICAL CENTER,Pneumonia
CULLMAN REGIONAL MEDICAL CENTER,Pneumonia
CULLMAN REGIONAL MEDICAL CENTER,Surgical Infection Prevention
CULLMAN REGIONAL MEDICAL CENTER,Surgical Infection Prevention
CULLMAN REGIONAL MEDICAL CENTER,Surgical Infection Prevention
CULLMAN REGIONAL MEDICAL CENTER,Surgical Infection Prevention
CULLMAN REGIONAL MEDICAL CENTER,Surgical Infection Prevention
CULLMAN REGIONAL MEDICAL CENTER,Surgical Infection Prevention
CULLMAN REGIONAL MEDICAL CENTER,Surgical Infection Prevention
CULLMAN REGIONAL MEDICAL CENTER,Surgical Infection Prevention
ANDALUSIA REGIONAL HOSPITAL,Heart Attack
ANDALUSIA REGIONAL HOSPITAL,Heart Attack
ANDALUSIA REGIONAL HOSPITAL,Heart Attack
ANDALUSIA REGIONAL HOSPITAL,Heart Attack
ANDALUSIA REGIONAL HOSPITAL,Heart Attack
ANDALUSIA REGIONAL HOSPITAL,Heart Attack
ANDALUSIA REGIONAL HOSPITAL,Heart Attack
ANDALUSIA REGIONAL HOSPITAL,Heart Failure
ANDALUSIA REGIONAL HOSPITAL,Heart Failure
ANDALUSIA REGIONAL HOSPITAL,Heart Failure
ANDALUSIA REGIONAL HOSPITAL,Heart Failure
ANDALUSIA REGIONAL HOSPITAL,Pneumonia
ANDALUSIA REGIONAL HOSPITAL,Pneumonia
ANDALUSIA REGIONAL HOSPITAL,Pneumonia
ANDALUSIA REGIONAL HOSPITAL,Pneumonia
ANDALUSIA REGIONAL HOSPITAL,Pneumonia
ANDALUSIA REGIONAL HOSPITAL,Pneumonia
ANDALUSIA REGIONAL HOSPITAL,Surgical Infection Prevention
ANDALUSIA REGIONAL HOSPITAL,Surgical Infection Prevention
ANDALUSIA REGIONAL HOSPITAL,Surgical Infection Prevention
ANDALUSIA REGIONAL HOSPITAL,Surgical Infection Prevention
ANDALUSIA REGIONAL HOSPITAL,Surgical Infection Prevention
ANDALUSIA REGIONAL HOSPITAL,Surgical Infection Prevention
ANDALUSIA REGIONAL HOSPITAL,Surgical Infection Prevention
ANDALUSIA REGIONAL HOSPITAL,Surgical Infection Prevention
STRINGFELLOW MEMORIAL HOSPITAL,Children&#8217;s Asthma Care
STRINGFELLOW MEMORIAL HOSPITAL,Surgical Infection Prevention
STRINGFELLOW MEMORIAL HOSPITAL,Surgical Infection Prevention
STRINGFELLOW MEMORIAL HOSPITAL,Surgical Infection Prevention
STRINGFELLOW MEMORIAL HOSPITAL,Surgical Infection Prevention
STRINGFELLOW MEMORIAL HOSPITAL,Surgical Infection Prevention
STRINGFELLOW MEMORIAL HOSPITAL,Surgical Infection Prevention
STRINGFELLOW MEMORIAL HOSPITAL,Surgical Infection Prevention
HUNTSVILLE HOSPITAL,Children&#8217;s Asthma Care
HUNTSVILLE HOSPITAL,Children&#8217;s Asthma Care
HUNTSVILLE HOSPITAL,Children&#8217;s Asthma Care
HUNTSVILLE HOSPITAL,Heart Attack
HUNTSVILLE HOSPITAL,Heart Attack
HUNTSVILLE HOSPITAL,Heart Attack
HUNTSVILLE HOSPITAL,Heart Attack
HUNTSVILLE HOSPITAL,Heart Attack
HUNTSVILLE HOSPITAL,Heart Attack
HUNTSVILLE HOSPITAL,Heart Attack
HUNTSVILLE HOSPITAL,Heart Failure
HUNTSVILLE HOSPITAL,Heart Failure
HUNTSVILLE HOSPITAL,Heart Failure
HUNTSVILLE HOSPITAL,Heart Failure
HUNTSVILLE HOSPITAL,Pneumonia
HUNTSVILLE HOSPITAL,Pneumonia
HUNTSVILLE HOSPITAL,Pneumonia
HUNTSVILLE HOSPITAL,Pneumonia
HUNTSVILLE HOSPITAL,Pneumonia
HUNTSVILLE HOSPITAL,Pneumonia
HUNTSVILLE HOSPITAL,Surgical Infection Prevention
HUNTSVILLE HOSPITAL,Surgical Infection Prevention
HUNTSVILLE HOSPITAL,Surgical Infection Prevention
HUNTSVILLE HOSPITAL,Surgical Infection Prevention
HUNTSVILLE HOSPITAL,Surgical Infection Prevention
HUNTSVILLE HOSPITAL,Surgical Infection Prevention
HUNTSVILLE HOSPITAL,Surgical Infection Prevention
HUNTSVILLE HOSPITAL,Surgical Infection Prevention
GADSDEN REGIONAL MEDICAL CENTER,Heart Attack
GADSDEN REGIONAL MEDICAL CENTER,Heart Attack
GADSDEN REGIONAL MEDICAL CENTER,Heart Attack
GADSDEN REGIONAL MEDICAL CENTER,Heart Attack
GADSDEN REGIONAL MEDICAL CENTER,Heart Attack
GADSDEN REGIONAL MEDICAL CENTER,Heart Attack
GADSDEN REGIONAL MEDICAL CENTER,Heart Attack
GADSDEN REGIONAL MEDICAL CENTER,Heart Failure
GADSDEN REGIONAL MEDICAL CENTER,Heart Failure
GADSDEN REGIONAL MEDICAL CENTER,Heart Failure
GADSDEN REGIONAL MEDICAL CENTER,Heart Failure
GADSDEN REGIONAL MEDICAL CENTER,Pneumonia
GADSDEN REGIONAL MEDICAL CENTER,Pneumonia
GADSDEN REGIONAL MEDICAL CENTER,Pneumonia
GADSDEN REGIONAL MEDICAL CENTER,Pneumonia
GADSDEN REGIONAL MEDICAL CENTER,Pneumonia
GADSDEN REGIONAL MEDICAL CENTER,Pneumonia
GADSDEN REGIONAL MEDICAL CENTER,Surgical Infection Prevention
GADSDEN REGIONAL MEDICAL CENTER,Surgical Infection Prevention
GADSDEN REGIONAL MEDICAL CENTER,Surgical Infection Prevention
GADSDEN REGIONAL MEDICAL CENTER,Surgical Infection Prevention
GADSDEN REGIONAL MEDICAL CENTER,Surgical Infection Prevention
GADSDEN REGIONAL MEDICAL CENTER,Surgical Infection Prevention
GADSDEN REGIONAL MEDICAL CENTER,Surgical Infection Prevention
GADSDEN REGIONAL MEDICAL CENTER,Surgical Infection Prevention
CHILTON MEDICAL CENTER,Heart Attack
CHILTON MEDICAL CENTER,Heart Attack
CHILTON MEDICAL CENTER,Heart Attack
CHILTON MEDICAL CENTER,Heart Attack
CHILTON MEDICAL CENTER,Heart Attack
CHILTON MEDICAL CENTER,Heart Attack
CHILTON MEDICAL CENTER,Heart Attack
CHILTON MEDICAL CENTER,Heart Failure
CHILTON MEDICAL CENTER,Heart Failure
CHILTON MEDICAL CENTER,Heart Failure
CHILTON MEDICAL CENTER,Heart Failure
CHILTON MEDICAL CENTER,Pneumonia
CHILTON MEDICAL CENTER,Pneumonia
CHILTON MEDICAL CENTER,Pneumonia
CHILTON MEDICAL CENTER,Pneumonia
CHILTON MEDICAL CENTER,Pneumonia
CHILTON MEDICAL CENTER,Pneumonia
CHILTON MEDICAL CENTER,Surgical Infection Prevention
CHILTON MEDICAL CENTER,Surgical Infection Prevention
CHILTON MEDICAL CENTER,Surgical Infection Prevention
CHILTON MEDICAL CENTER,Surgical Infection Prevention
CHILTON MEDICAL CENTER,Surgical Infection Prevention
CHILTON MEDICAL CENTER,Surgical Infection Prevention
CHILTON MEDICAL CENTER,Surgical Infection Prevention
CHILTON MEDICAL CENTER,Surgical Infection Prevention
MARION REGIONAL MEDICAL CENTER,Heart Attack
MARION REGIONAL MEDICAL CENTER,Heart Attack
MARION REGIONAL MEDICAL CENTER,Heart Attack
MARION REGIONAL MEDICAL CENTER,Heart Attack
MARION REGIONAL MEDICAL CENTER,Heart Attack
MARION REGIONAL MEDICAL CENTER,Heart Attack
MARION REGIONAL MEDICAL CENTER,Heart Attack
MARION REGIONAL MEDICAL CENTER,Heart Failure
MARION REGIONAL MEDICAL CENTER,Heart Failure
MARION REGIONAL MEDICAL CENTER,Heart Failure
MARION REGIONAL MEDICAL CENTER,Heart Failure
MARION REGIONAL MEDICAL CENTER,Pneumonia
MARION REGIONAL MEDICAL CENTER,Pneumonia
MARION REGIONAL MEDICAL CENTER,Pneumonia
MARION REGIONAL MEDICAL CENTER,Pneumonia
MARION REGIONAL MEDICAL CENTER,Pneumonia
MARION REGIONAL MEDICAL CENTER,Pneumonia
MARION REGIONAL MEDICAL CENTER,Surgical Infection Prevention
MARION REGIONAL MEDICAL CENTER,Surgical Infection Prevention
MARION REGIONAL MEDICAL CENTER,Surgical Infection Prevention
MARION REGIONAL MEDICAL CENTER,Surgical Infection Prevention
MARION REGIONAL MEDICAL CENTER,Surgical Infection Prevention
MARION REGIONAL MEDICAL CENTER,Surgical Infection Prevention
MARION REGIONAL MEDICAL CENTER,Surgical Infection Prevention
MARION REGIONAL MEDICAL CENTER,Surgical Infection Prevention
FAYETTE MEDICAL CENTER,Heart Attack
FAYETTE MEDICAL CENTER,Heart Attack
FAYETTE MEDICAL CENTER,Heart Attack
FAYETTE MEDICAL CENTER,Heart Attack
FAYETTE MEDICAL CENTER,Heart Attack
FAYETTE MEDICAL CENTER,Heart Attack
FAYETTE MEDICAL CENTER,Heart Attack
FAYETTE MEDICAL CENTER,Heart Failure
FAYETTE MEDICAL CENTER,Heart Failure
FAYETTE MEDICAL CENTER,Heart Failure
FAYETTE MEDICAL CENTER,Heart Failure
FAYETTE MEDICAL CENTER,Pneumonia
TEMPLE VA MEDICAL CENTER (VA CENTRAL TEXAS H,Heart Attack
FAYETTE MEDICAL CENTER,Pneumonia
FAYETTE MEDICAL CENTER,Pneumonia
FAYETTE MEDICAL CENTER,Pneumonia
FAYETTE MEDICAL CENTER,Pneumonia
FAYETTE MEDICAL CENTER,Surgical Infection Prevention
FAYETTE MEDICAL CENTER,Surgical Infection Prevention
FAYETTE MEDICAL CENTER,Surgical Infection Prevention
FAYETTE MEDICAL CENTER,Surgical Infection Prevention
FAYETTE MEDICAL CENTER,Surgical Infection Prevention
FAYETTE MEDICAL CENTER,Surgical Infection Prevention
FAYETTE MEDICAL CENTER,Surgical Infection Prevention
FAYETTE MEDICAL CENTER,Surgical Infection Prevention
RIVERVIEW REGIONAL MEDICAL CENTER,Children&#8217;s Asthma Care
RIVERVIEW REGIONAL MEDICAL CENTER,Children&#8217;s Asthma Care
RIVERVIEW REGIONAL MEDICAL CENTER,Children&#8217;s Asthma Care
RIVERVIEW REGIONAL MEDICAL CENTER,Heart Attack
RIVERVIEW REGIONAL MEDICAL CENTER,Heart Attack
RIVERVIEW REGIONAL MEDICAL CENTER,Heart Attack
RIVERVIEW REGIONAL MEDICAL CENTER,Heart Attack
RIVERVIEW REGIONAL MEDICAL CENTER,Heart Attack
RIVERVIEW REGIONAL MEDICAL CENTER,Heart Attack
RIVERVIEW REGIONAL MEDICAL CENTER,Heart Attack
RIVERVIEW REGIONAL MEDICAL CENTER,Heart Failure
RIVERVIEW REGIONAL MEDICAL CENTER,Heart Failure
RIVERVIEW REGIONAL MEDICAL CENTER,Heart Failure
RIVERVIEW REGIONAL MEDICAL CENTER,Heart Failure
RIVERVIEW REGIONAL MEDICAL CENTER,Pneumonia
RIVERVIEW REGIONAL MEDICAL CENTER,Pneumonia
RIVERVIEW REGIONAL MEDICAL CENTER,Pneumonia
RIVERVIEW REGIONAL MEDICAL CENTER,Pneumonia
RIVERVIEW REGIONAL MEDICAL CENTER,Pneumonia
RIVERVIEW REGIONAL MEDICAL CENTER,Pneumonia
RIVERVIEW REGIONAL MEDICAL CENTER,Surgical Infection Prevention
RIVERVIEW REGIONAL MEDICAL CENTER,Surgical Infection Prevention
RIVERVIEW REGIONAL MEDICAL CENTER,Surgical Infection Prevention
RIVERVIEW REGIONAL MEDICAL CENTER,Surgical Infection Prevention
RIVERVIEW REGIONAL MEDICAL CENTER,Surgical Infection Prevention
RIVERVIEW REGIONAL MEDICAL CENTER,Surgical Infection Prevention
RIVERVIEW REGIONAL MEDICAL CENTER,Surgical Infection Prevention
RIVERVIEW REGIONAL MEDICAL CENTER,Surgical Infection Prevention
GEORGIANA HOSPITAL,Heart Attack
GEORGIANA HOSPITAL,Heart Attack
GEORGIANA HOSPITAL,Heart Attack
GEORGIANA HOSPITAL,Heart Attack
GEORGIANA HOSPITAL,Heart Attack
GEORGIANA HOSPITAL,Heart Attack
GEORGIANA HOSPITAL,Heart Attack
GEORGIANA HOSPITAL,Heart Failure
GEORGIANA HOSPITAL,Heart Failure
GEORGIANA HOSPITAL,Heart Failure
GEORGIANA HOSPITAL,Heart Failure
GEORGIANA HOSPITAL,Pneumonia
GEORGIANA HOSPITAL,Pneumonia
GEORGIANA HOSPITAL,Pneumonia
GEORGIANA HOSPITAL,Pneumonia
GEORGIANA HOSPITAL,Pneumonia
GEORGIANA HOSPITAL,Pneumonia
GEORGIANA HOSPITAL,Surgical Infection Prevention
GEORGIANA HOSPITAL,Surgical Infection Prevention
GEORGIANA HOSPITAL,Surgical Infection Prevention
GEORGIANA HOSPITAL,Surgical Infection Prevention
GEORGIANA HOSPITAL,Surgical Infection Prevention
GEORGIANA HOSPITAL,Surgical Infection Prevention
GEORGIANA HOSPITAL,Surgical Infection Prevention
GEORGIANA HOSPITAL,Surgical Infection Prevention
MEDICAL CENTER ENTERPRISE,Heart Attack
MEDICAL CENTER ENTERPRISE,Heart Attack
MEDICAL CENTER ENTERPRISE,Heart Attack
MEDICAL CENTER ENTERPRISE,Heart Attack
MEDICAL CENTER ENTERPRISE,Heart Attack
MEDICAL CENTER ENTERPRISE,Heart Attack
MEDICAL CENTER ENTERPRISE,Heart Attack
MEDICAL CENTER ENTERPRISE,Heart Failure
MEDICAL CENTER ENTERPRISE,Heart Failure
MEDICAL CENTER ENTERPRISE,Heart Failure
MEDICAL CENTER ENTERPRISE,Heart Failure
MEDICAL CENTER ENTERPRISE,Pneumonia
MEDICAL CENTER ENTERPRISE,Pneumonia
MEDICAL CENTER ENTERPRISE,Pneumonia
MEDICAL CENTER ENTERPRISE,Pneumonia
MEDICAL CENTER ENTERPRISE,Pneumonia
MEDICAL CENTER ENTERPRISE,Pneumonia
MEDICAL CENTER ENTERPRISE,Surgical Infection Prevention
MEDICAL CENTER ENTERPRISE,Surgical Infection Prevention
MEDICAL CENTER ENTERPRISE,Surgical Infection Prevention
MEDICAL CENTER ENTERPRISE,Surgical Infection Prevention
MEDICAL CENTER ENTERPRISE,Surgical Infection Prevention
MEDICAL CENTER ENTERPRISE,Surgical Infection Prevention
MEDICAL CENTER ENTERPRISE,Surgical Infection Prevention
MEDICAL CENTER ENTERPRISE,Surgical Infection Prevention
ST VINCENTS BLOUNT,Heart Attack
ST VINCENTS BLOUNT,Heart Attack
ST VINCENTS BLOUNT,Heart Attack
ST VINCENTS BLOUNT,Heart Attack
ST VINCENTS BLOUNT,Heart Attack
ST VINCENTS BLOUNT,Heart Attack
ST VINCENTS BLOUNT,Heart Attack
ST VINCENTS BLOUNT,Heart Failure
ST VINCENTS BLOUNT,Heart Failure
ST VINCENTS BLOUNT,Heart Failure
ST VINCENTS BLOUNT,Heart Failure
ST VINCENTS BLOUNT,Pneumonia
ST VINCENTS BLOUNT,Pneumonia
ST VINCENTS BLOUNT,Pneumonia
ST VINCENTS BLOUNT,Pneumonia
ST VINCENTS BLOUNT,Pneumonia
ST VINCENTS BLOUNT,Pneumonia
ST VINCENTS BLOUNT,Surgical Infection Prevention
ST VINCENTS BLOUNT,Surgical Infection Prevention
ST VINCENTS BLOUNT,Surgical Infection Prevention
