COMMENT_ID,AUTHOR,DATE,text,label,model_pred,vectors
z13lgffb5w3ddx1ul22qy1wxspy5cpkz504,dharma pal,2015-05-29T02:30:18.971000,nice song,0,0,"-1,-1,-1,0,-1,-1"
z123dbgb0mqjfxbtz22ucjc5jvzcv3ykj,Tiza Arellano,2015-05-29T00:14:48.748000,i love song ,0,0,"-1,-1,-1,0,-1,-1"
z12quxxp2vutflkxv04cihggzt2azl34pms0k,Prìñçeśś Âliś Łøvê Dømíñø Mâđiś™ ﻿,2015-05-28T21:00:08.607000,i love song ,0,0,"-1,-1,-1,0,-1,-1"
z12icv3ysqvlwth2c23eddlykyqut5z1h,Eric Gonzalez,2015-05-28T20:47:12.193000,            lets make it first female to reach one billion   share it and replay it  ,0,-1,"-1,-1,-1,-1,-1,-1"
z133stly3kete3tly22petvwdpmghrlli,Analena López,2015-05-28T17:08:29.827000,shakira is best for worldcup,0,0,"-1,-1,0,-1,-1,-1"
z12myn4rltf4ejddv23mwr3piuapcbl0r,jehoiada wellington,2015-05-28T17:06:37.288000,the best world cup song ever    ,0,-1,"-1,-1,-1,-1,-1,-1"
z135vzqy1yrjhluew23kibopnrmqsplux,Kara Cuthbertson,2015-05-28T15:46:42.482000,i love,0,0,"-1,-1,-1,0,-1,-1"
z12uujnj2sifvzvav04chpypvofvexpoggg,Sudheer Yadav,2015-05-28T10:28:25.133000,see some more song open google and type shakira guruofmovie,1,0,"-1,-1,0,-1,-1,-1"
z13lvh1qnma4d15sy23lyvqq5riafz52m,Alex John,2015-05-28T07:44:52.614000,awesome ,0,0,"-1,-1,-1,0,-1,-1"
z135hlk5grfwjhmym04ced0gyzrvsn5avuw0k,Nirab Valobasha,2015-05-27T21:31:38.388000,i like shakira  ,0,0,"-1,-1,0,0,-1,0"
z121cvvqftuvuz1ld22pe3agcsepzhhtt,Chelsea Andrews,2015-05-27T20:43:10.162000,shakira   waka waka  br   love this song               ,0,0,"-1,-1,0,-1,-1,-1"
z12uf5gatnf1dflws04cfrigrxb3zryxtwk0k,Kevin Sosa,2015-05-27T20:04:41.308000,why so many disliked            ,0,0,"-1,-1,-1,0,-1,-1"
z13pihfbwlv5hv4ap04ceh3hvonuhvnxueg,OldSchool Music,2015-05-27T19:00:57.936000,i don     t think this song will ever get old ,0,-1,"-1,-1,-1,-1,-1,-1"
z13utfk5rny3yzqtj22phlsxmtfuspbcp,Stephen Lister,2015-05-27T16:04:42.059000,love song,0,0,"-1,-1,-1,0,-1,-1"
z13usjdoivinwzsoy04cgv2y0tbjs1s5xn00k,Karolína Hlavatá,2015-05-27T14:41:43.081000,wery good,0,0,"-1,-1,-1,0,-1,-1"
z12bhf4rzpjsvjmcw22ghd4j4qeqfthpm04,DubCedSky,2015-05-27T13:51:19.674000,every time i hear this song  i think about iniesta     s goal against the netherlands   ,0,-1,"-1,-1,-1,-1,-1,-1"
z132i1cj3t2cedajp04cfxcqalbkfzd5fyk0k,akita hachiko,2015-05-27T13:07:33.766000,whose watching this in       if so hi  ,0,-1,"-1,-1,-1,-1,-1,-1"
z12aw1ah2m2vh30tb22bvl3olkbohlbid04,Benjy Growls,2015-05-27T09:27:26.667000,i love this song so much  lt   br   keep em      coming ,0,-1,"-1,-1,-1,-1,-1,-1"
z12cydggrzyesrklw23qwzexerqavj11e,monkey moments,2015-05-27T09:24:10.239000,i love this song thumsb up to you,0,-1,"-1,-1,-1,-1,-1,-1"
z12gddhblwz3cf3wc04cgvjajvulwxvb5lw0k,Dr.geetanjali sharma,2015-05-27T09:14:14.641000,waka best one,0,0,"-1,-1,-1,0,-1,-1"
z13xwz5p3xq4zxdyv04cir2ammejxj15n2c,Axy665,2015-05-27T06:57:11.853000,  years later i still love this song br    axy   ,0,-1,"-1,-1,-1,-1,-1,-1"
z135glq5fnnielbbd04cchvr2orkurdgrz40k,celma joao tomas anacuja anacuja celma joao tomas,2015-05-27T06:30:54.415000,like,0,0,"-1,-1,-1,0,-1,-1"
z13zjlpo2nbehxwf322gelhzwmqwgn1mt,Raafat saeed,2015-05-27T04:19:29.178000,check out this playlist on youtube ,1,-1,"-1,-1,-1,-1,-1,-1"
z12vv1hgirrhz5bh504cejjrstfkt1kq1po0k,ortiz brown,2015-05-27T02:51:25.515000,her voice sounds weird and plus she     s cute for a blonde,0,-1,"-1,-1,-1,-1,-1,-1"
z12pch5bnqyxttpi004ch3b4usa1wjdg5l40k,mike the greek gamer,2015-05-26T21:42:43.953000,why there are so many dislikes  this song is so    awesome  it sounds like we must stop be racists    if i could  i would like it               times                                              ,0,-1,"-1,-1,-1,-1,-1,-1"
z12julhignjmuzlnv230yzipftzvhjzuh,Aveonne Walker,2015-05-26T21:36:16.925000,nice love itttttttt wurkkkkkkkkkkkkkkkkkkkkkkkkkkkkkkkkkkkkkkkkkkkkkkkkkkkkkkkkkkkkkkkkkkkkkkkkkkkkkkkkkkkkkkkkkkkkkkkkkkkkk,0,0,"-1,-1,-1,0,-1,-1"
z12jd30zok2te1ghh04cdphgcqmshld5ncg,MikeTheOne42,2015-05-26T17:19:16.527000,still watching in        ,0,0,"-1,-1,-1,0,-1,-1"
z12yxbpp3rurin5wc04cf3sqmlrvwlhzgao,Golden Lion,2015-05-26T17:16:06.269000,shakira is my favourite singer  wooooo,0,1,"-1,1,0,-1,-1,-1"
z12yvdxizlrze1osb22xev1xyxakdphe3,Coc Chitthu,2015-05-26T16:45:32.708000,i remember this song ,0,0,"-1,-1,-1,0,-1,-1"
z13tv3oqtkz0exqhg04cjfgqlyrgipmou20,vuong quang,2015-05-26T14:53:14.277000,like,0,0,"-1,-1,-1,0,-1,-1"
z132xfsy4pz5uvyxh04ce50xez2ki53ysaw,Ryan Ramma,2015-05-26T14:39:51.793000,whose who are watching this in       like ,0,-1,"-1,-1,-1,-1,-1,-1"
z13uhhxp5nvig15yc04citszvtagwtmpqcc,Terry Short,2015-05-26T14:33:52.496000,support the fight for your  th amendment right to privacy in your home  stop the nsa spying on americans with the un patriot act renewal  rand paul has spent      hours on the senate floor in a protest and filibuster fighting for our constitution that this nation is founded on  join the fight at rand paul dot com  spread the word  we have someone that cares about our nation  email your senators  congress men and women  tell them to support rand  tell the news to support rand too senator rand paul was up until  a href  http   www youtube com watch v prpeedmmmq  amp t  m  s        a  am this passed saturday morning fighting for our constitution buy postponing the vote until this week  our constitution matters join rand in the fight to protect  a href  http   it ht  it ht  a  to privacy in your home and business   senator rand paul was up until  a href  http   www youtube com watch v prpeedmmmq  amp t  m  s        a  am this passed saturday morning fighting for our constitution buy postponing the vote until this week  our constitution matters to all of us  help rand protect it by joining the fright for it ,1,-1,"-1,-1,-1,-1,-1,-1"
z135ihwjrofccvbzu04cehzp3prte5jyccg,marko kacar,2015-05-26T09:54:10.695000,best song in world,0,0,"-1,-1,-1,0,-1,-1"
z12rihewvsi0fxgui23bi31bulqvfj5vk,ovidiu mitricioiu,2015-05-26T08:11:50.918000,beautiful,0,0,"-1,-1,-1,0,-1,-1"
z12wc5uotu3gz1pwd04ce1ly2vjuvxphxuk0k,Agung Handono Susilo,2015-05-26T03:34:08.887000,good song   ,0,0,"-1,-1,-1,0,-1,-1"
z13lgjaxhnbzuxxmd22iyh24cwqqwpfiz04,Nimesh Nambiar,2015-05-26T03:17:53.672000,she     s such an awesome entertainer  and pretty too   lt   shakira ,0,0,"-1,-1,0,-1,-1,-1"
z13gv1bxbuytgjl3o23fdr5r3kaadbbm1,‫حلم الشباب‬‎,2015-05-25T23:42:49.533000,check out this video on youtube ,1,-1,"-1,-1,-1,-1,-1,-1"
z13vf1mwauyjgj23q22vtppxjlnihr2ro04,Zcoria Kelly,2015-05-25T22:43:48.266000,love this song,0,0,"-1,-1,-1,0,-1,-1"
z13fsxq5coffdz54p04cjxzppp3ezhhw0u40k,Spider Girl,2015-05-25T21:31:01.689000,love this song  my soccer team made a cd for our couch with this song on it ,0,1,"-1,1,-1,-1,-1,-1"
z12afj2p2pniy1idm23wclt4ox2wujzj004,Ernest Foli,2015-05-25T21:08:10.798000,fave song,0,0,"-1,-1,-1,0,-1,-1"
z13ue30j3uywfdivm23zgtzoflv0fhqce,Laura Gray,2015-05-25T19:56:09.670000,watching in     ,0,0,"-1,-1,-1,0,-1,-1"
z12wuxjqmqjbyjab404cidxofne4ftup35c,Trygve Nilsen,2015-05-25T19:48:16.265000,i felt old when i realized that this song was   years old   ,0,-1,"-1,-1,-1,-1,-1,-1"
z13iuzxghsypjtfwy04ccnewbqbde3qwea0,Сергей Андреевич,2015-05-25T18:00:22.486000,love shakira ,0,0,"-1,-1,0,0,-1,0"
z13yi50hjzqgitubv04cfhzyby3ystsrh5g,adey lanre,2015-05-25T16:39:15.791000,one of the best song of all the time,0,-1,"-1,-1,-1,-1,-1,-1"
z13udxpqgtnnxt10o232vhgbspnveld0c,bossdon redhouse,2015-05-25T15:53:41.740000,i really am madly in love with this woman  ,0,-1,"-1,-1,-1,-1,-1,-1"
z13ywdzqsnmjhts2v22qzrhpxzn5frizg04,Eidya Pal,2015-05-25T14:43:55.353000,i totally love this song  absolutely fantastic  i love ya shakira ,0,0,"-1,-1,0,-1,-1,-1"
z135znoyckynyhfyc04cj1qzturycx24aw40k,Ed Garcon,2015-05-25T14:05:41.188000,im still watching in     ,0,0,"-1,-1,-1,0,-1,-1"
z13uxtggrz25vlgcy225xf5yqweagnrra04,rachel perez,2015-05-25T14:05:18.188000,the song is sad,0,0,"-1,-1,-1,0,-1,-1"
z13ijbpyhnvtddsue223c3pgilfjs3pmv,Ibtihal Baho,2015-05-25T11:21:16.857000,goood,0,0,"-1,-1,-1,0,-1,-1"
z13cvpcyiqr5xnfmj235exiwvlqre514d04,Viv Varghese,2015-05-25T08:59:50.837000,the best fifa world cup song for sure ,0,-1,"-1,-1,-1,-1,-1,-1"
z12csjyqqru3tvlcb22hz3vrrn3jzfzyg04,Thiago Andrade,2015-05-25T08:08:49.121000,nice vdeo shakira good,0,0,"-1,-1,0,0,-1,0"
z12bfraboyajftgbz04ccbkr3xjxfxyxsew,Abdullah Fawzi,2015-05-25T06:25:22.319000,coby this usl and past   br    a href  http   adf ly  http   adf ly  a    hmvtx br   delete space after y,1,-1,"-1,-1,-1,-1,-1,-1"
z132svd4fvq1wntfd221w5szfzezjri2r,Abdullah Fawzi,2015-05-25T06:23:24.405000,see this br    a href  http   adf ly  http   adf ly  a    hmvtx,1,-1,"-1,-1,-1,-1,-1,-1"
z13xy3naqwneytjyb04cjdb54luwyjk4alo0k,Nash Alema,2015-05-25T03:09:41.790000,waka waka,0,0,"-1,-1,-1,0,-1,-1"
z12qufrhtzvrzztje04chhmadyu3glopkm00k,Russian soldier sniper,2015-05-25T02:38:54.495000,she is beautiful but it is not american ,0,-1,"-1,-1,-1,-1,-1,-1"
z121ireiytz2f1xzz04cc5fznlnchb1jphg,Toby Bywater,2015-05-25T01:47:45.053000,thumbs up if your watching in     ,1,-1,"-1,-1,-1,-1,-1,-1"
z13wgdwwuralul0ki23fuxqxvrbmunwkf,Mohammed Yousef,2015-05-24T22:42:30.198000,ilovethissong,0,0,"-1,-1,-1,0,-1,-1"
z12hsre40qqswblvg22kvlrhgznxul1xu04,JH Simene,2015-05-24T22:24:17.416000,subscribe me please  i     ll promise i     ll sub back,1,1,"1,-1,-1,-1,-1,-1"
z13uw5rqqwu4ufqli224fvzryy2vwlyk4,MmmHmmm,2015-05-24T20:38:33.832000,lamest world cup song ever  this time for africa  you mean in africa  it wasn     t a live aid event or something  she made it seem like a charity case for them instead of a proud moment  wherewas ricky martin when you needed him  smh,0,-1,"-1,-1,-1,-1,-1,-1"
z13lhxc4yoidt5hdn23jydg5nkuehblxs04,Angelica Figueroa,2015-05-24T20:29:41.546000,my friend sam loves this song,0,1,"-1,1,-1,-1,-1,-1"
z12zcxyjxof0ihx4w04cf1gojz3zwnty4ts0k,Syed Akbar Ali,2015-05-24T19:33:39.585000,check out this video on youtube ,1,-1,"-1,-1,-1,-1,-1,-1"
z134ufywgmy5yny1223bvdkxvleyjj2ik04,Oreoluwa Ajjayi,2015-05-24T16:05:33.401000,i love you,0,0,"-1,-1,-1,0,-1,-1"
z12uvzpw4tufgf2qw04chd5abu3uvf4rw5o,Eric Gonzalez,2015-05-24T15:35:03.844000,to help shakira become the first female to hit  billiom views  i     ve decided to watch this video at least one a day  everyday  shakifans we r so close just hit the replay button    ,0,0,"-1,-1,0,-1,-1,-1"
z13zj535dsqgcfyot04cixgics3zdrspsqw0k,‫كيكه وستايلي فيكه كيكه وستايلي فيكه‬‎,2015-05-24T14:57:52.858000,ilove shakira ,0,0,"-1,-1,0,0,-1,0"
z13it35hwti1uf0ea22ju5dxoyqiubdso,Tierra Carbon,2015-05-24T14:21:54.411000,it was  cool   the best   song ever  ,0,-1,"-1,-1,-1,-1,-1,-1"
z133xfvjenv5vfr0o22nhfrawr2ve3gp004,Lala Ella,2015-05-24T14:16:59.411000,omg listen to this its soo good    d,0,-1,"-1,-1,-1,-1,-1,-1"
z13azdiwulmkf5kmr22cwbpq1zrntfxby04,Alexander Solli,2015-05-24T12:32:18.770000,my uncle said he will stop smoking if this comment gets     likes  please like this comment  thanks ,1,1,"-1,1,-1,-1,-1,-1"
z13lih3oztyagltwo04ceh3rezv2hfx5aj4,Arvind Pandey,2015-05-24T11:55:30.385000,nice song,0,0,"-1,-1,-1,0,-1,-1"
z12ui12j5ti4dnyaa04cezhbnuuchl05ckc0k,Abdou Abdou,2015-05-24T10:01:03.912000,waka waka,0,0,"-1,-1,-1,0,-1,-1"
z12lth44woywehejy04cilgh2lejztjapi0,MOHAMED THASLEEM,2015-05-24T07:03:59.488000,super music,0,0,"-1,-1,-1,0,-1,-1"
z13cyndpyk2vefcyo04ce1ib5wrbxjqxuvk0k,Haolin Tan,2015-05-24T03:55:10.367000,how could    k people dislike this song or video,0,-1,"-1,-1,-1,-1,-1,-1"
z13durqh1sb4iv14q04cep3jenmavh4ajqg0k,Lupitaochoa Dieciseis,2015-05-24T03:02:38.357000,love it                ,0,0,"-1,-1,-1,0,-1,-1"
z13rg14qosy3uvqz204cf1eaotyyjbyx1ec,Carmen W,2015-05-24T01:36:23.815000,i swear shakira keeps getting more and more gorgeous  she definitely looks more gorgeous with her hair this way than super curly ,0,0,"-1,-1,0,-1,-1,-1"
z12uu1ni2uqrvzfhf04cflg4ezqmjnfzzu00k,Hamilton44,2015-05-23T22:08:55.169000,youtube comments be like br   this is so   years ago  ,0,-1,"-1,-1,-1,-1,-1,-1"
z13teltr2ljvx1cgd04cihnpetm1xlwxm3g,Leedl bagginshield,2015-05-23T21:27:36.596000,it pisses me off a bit that blank space has more views      mio  than this  meh ,0,-1,"-1,-1,-1,-1,-1,-1"
z12jwtvwcrmks1xbe04ch5nikwnscb4iqr40k,Athena Gomez,2015-05-23T20:45:58.511000,your the best,0,0,"-1,-1,-1,0,-1,-1"
z13zt31xrsrvcxtsz23dgvob4y21t3ppt04,Athena Gomez,2015-05-23T20:44:51.396000,i love you   p,0,0,"-1,-1,-1,0,-1,-1"
z12iyf2wkybwerg5104cddairnrzf5vwoog0k,Anastasia Trevla,2015-05-23T18:35:07.666000,i love  shakira        ,0,0,"-1,-1,0,0,-1,0"
z13rgdjjjzmkuhnvf23dd1wxkqzwvjiij04,Jessica Onyekwere,2015-05-23T17:42:14.383000,this song is special  because is a song for africa  and i am an african ,0,-1,"-1,-1,-1,-1,-1,-1"
z13fyrra1pres5hbj04chzwabkels11pe5c,GamingWith Kim,2015-05-23T17:40:19.322000, lt   this song so much shakira your a really good artist ,0,0,"-1,-1,0,-1,-1,-1"
z13cw35rwznvud1jt04cgl4zfpaqxj2z4qg0k,Raphael Lipusch,2015-05-23T17:07:04.122000,i love shakira br   ,0,0,"-1,-1,0,0,-1,0"
z13isvpjcwadtnxfa23sdd0ipp20wzxdd,rtfamily,2015-05-23T16:45:03.492000,definitley the song for      when im not listening to gypsy shakira rocks br    span class  proflinkwrapper   span class  proflinkprefix     span  a class  proflink  href  https   plus google com                        oid                         shakiravevo  a   span ,1,0,"-1,-1,0,-1,-1,-1"
z12wu1hapwjnvdrwe04cdj4ogu31cpjgnbw,KAM IL,2015-05-23T16:06:50.834000,i remember that torunament like it was today ,0,-1,"-1,-1,-1,-1,-1,-1"
z122s1uitnfitv4ru04cet2jquumwz1zsyc0k,Madalynn Miller,2015-05-23T12:51:30.214000,thank you  please give your email ,1,-1,"-1,-1,-1,-1,-1,-1"
z13iefh5fqbhincpi04cfrcaxxzuwfdpgtc0k,ashwini praveena,2015-05-23T12:47:50.445000,beautiful,0,0,"-1,-1,-1,0,-1,-1"
z12dsplrsvfauj5ej222hhnyyxzffreei,Karol Martinez Restrepo Martinez,2015-05-23T12:16:41.723000,like,0,0,"-1,-1,-1,0,-1,-1"
z12ps3yhzryuzlg4504cezaxkwrjx3cpkgg,Hidayet Özsoy,2015-05-23T10:46:16.850000,shakira you are so beautiful  you are lovely  lively   we love you ,0,0,"-1,-1,0,-1,-1,-1"
z13lvdcijuj5znbge04cc1iawv3eezsbbjo,Рустем Ахметов,2015-05-23T10:13:32.711000,great   ,0,0,"-1,-1,-1,0,-1,-1"
z13cgt0yjtnaxfivx23xx1iwgoymxhu5504,Orlando Saeroon,2015-05-23T09:50:45.142000,best world cup song,0,0,"-1,-1,-1,0,-1,-1"
z123ydw50qjkfzm5s04cdlzziubxtz0ijfk,redouane najja,2015-05-23T08:57:27.240000,fuck it was the best ever            nummber of patrik kluivert his son share  ,1,-1,"-1,-1,-1,-1,-1,-1"
z13bchrxcyruufz4004chdjrzobevxc45ug0k,Manish Ray,2015-05-23T08:55:07.512000,this song is so beauty,0,-1,"-1,-1,-1,-1,-1,-1"
z12wwjbpsru3dnrkk22ec1qrjm2fzdmte,Misako Detenamo,2015-05-23T07:27:41.917000,i heard this when i was only   years old and i still love it,0,-1,"-1,-1,-1,-1,-1,-1"
z12zfrwpllnfh34pz04ccvurqymehl5jdmo0k,Naseeb Jan,2015-05-23T07:12:18.941000,nice song,0,0,"-1,-1,-1,0,-1,-1"
z13zibwb3vaczhraj04cct2hppnuwtbwjq00k,Martis Zelvis,2015-05-23T05:49:17.300000,waka waka         ,0,0,"-1,-1,-1,0,-1,-1"
z12zujgautikhxpn122mixwjkwavuldmd,alejandro rojas,2015-05-23T03:50:04.006000,oh my god go to   billion of replay i love shakira,0,1,"-1,1,0,-1,-1,-1"
z13aznjg2ojwjlknm23yjbt4uniuepuxs04,Dunrell Pinder,2015-05-23T02:57:54.433000,i love her,0,0,"-1,-1,-1,0,-1,-1"
z12ijbn5grjidp3vj23psvhyjvv2djpol04,Angie Vazquez,2015-05-23T02:51:23.999000,i love this song  amp i love shakira lt      ,0,0,"-1,-1,0,-1,-1,-1"
z13wd3dwlrifgl3mj22vcdci0yiaubueb,Hermen De Greef,2015-05-22T21:46:43.778000,yea stil the best wk song ever br   thumbs up of you think the same br   ,1,-1,"-1,-1,-1,-1,-1,-1"
z13psdarpuzbjp1hh04cjfwgzonextlhf1w,bilal bilo,2015-05-22T20:36:36.926000,i liked br   ,0,0,"-1,-1,-1,0,-1,-1"
z13qitsgikv1szy2023jzjdg3pike1yw004,twee gekkos,2015-05-22T20:10:26.759000,i like this song ,0,0,"-1,-1,-1,0,-1,-1"
z13csdjytri2zxib404cf52g5szadlnbmf0,Robin Turnbull,2015-05-22T18:19:26.548000,i like it   ,0,0,"-1,-1,-1,0,-1,-1"
z12xdzogizvptt10e221cxqx2uvsslggp04,Jobs Ho 何祯喬,2015-05-22T13:23:20.077000,waka waka    ,0,0,"-1,-1,-1,0,-1,-1"
z12jdvqjrquct3bdj22yizigauehxj4ew,Lucia Scarlet,2015-05-22T11:56:53.104000,amazing song,0,0,"-1,-1,-1,0,-1,-1"
z13ldttruqm1x1wsz23qcdlq4saefnkew,Wiki Smolinska,2015-05-22T09:47:17.977000,cool song ,0,0,"-1,-1,-1,0,-1,-1"
z13dfprydrvlvl4u323qy515dzzgtzeej,black tiger,2015-05-22T05:23:38.336000,i love u shakira,0,0,"-1,-1,0,0,-1,0"
z13oxvzqrzvyit00322jwtjo2tzqylhof04,Octavia W,2015-05-22T02:33:26.041000,waka waka ,0,0,"-1,-1,-1,0,-1,-1"
z13egzvw2peys54lo221i3zxjxucfbski,Elena Macchiaverna,2015-05-22T01:21:46.397000,this song sucks,0,0,"-1,-1,-1,0,-1,-1"
z13lgjxz2teyzdxmu23ze3ng1qmjgbsme,The Emerald Minecraft,2015-05-22T00:47:50.295000,lol i love this song,0,-1,"-1,-1,-1,-1,-1,-1"
z13qel3p2qaoexzhh04cjxniunrpzrtjro40k,Shakira Forever,2015-05-22T00:36:04.509000,shakira,0,0,"-1,-1,0,0,-1,0"
z134y1ki5svvwt43i23wz5kqsxmaettuu,AlabaGames,2015-05-22T00:31:43.922000,subscribe my channel i recording fifa    goals watch now  d,1,1,"1,1,-1,-1,1,-1"
z12gsna4hquwjhkfd22udv3gtmjtjr5ta,Tillolo79,2015-05-21T22:54:24.249000,wow     years br   ,0,0,"-1,-1,-1,0,-1,-1"
z13chhog1nbldb2xp04cgtkxcx35z1djpf0,Free Video Tv,2015-05-21T21:15:41.869000,subscribe to me and i wil subscribe to you back,1,1,"1,-1,-1,-1,-1,-1"
z13cdr2rzsjxxtmjj04cinebunydzthitmk0k,Olda87 CZ,2015-05-21T18:12:34.046000,you best singer,0,0,"-1,-1,-1,0,-1,-1"
z12rsvvxiwi0j5hat04ccbjg4kjtihhox5o,Дмитрий Гаврилов,2015-05-21T16:29:03.583000,  years soon ,0,0,"-1,-1,-1,0,-1,-1"
z13fupk5zkfpjhnws04chl4w3zf0dnkrkl40k,Berthe Etale Bengue,2015-05-21T15:34:32.783000,like,0,0,"-1,-1,-1,0,-1,-1"
z121fvtbjuq0endru04cfjfofknoyteh3jk,liliana ciancio,2015-05-21T14:52:58.650000,wanderfol is love or miusic,0,-1,"-1,-1,-1,-1,-1,-1"
z13wxxjz4ozfcjom122ushyqfru5uxlk5,Diego Donzelli,2015-05-21T14:51:22.565000,waka waka,0,0,"-1,-1,-1,0,-1,-1"
z133ibkihkmaj3bfq22rilaxmp2yt54nb,Debora Favacho (Debora Sparkle),2015-05-21T14:08:41.338000,best song ever x          ,0,0,"-1,-1,-1,0,-1,-1"
z13pfdriymyhzlhwu04chlfgtprmdfbitzs0k,林思鳳,2015-05-21T12:35:28.603000,very pleasant to hear  haha  good ,0,-1,"-1,-1,-1,-1,-1,-1"
z123eldrazr3wlyd222zitmg1y2jin1rf04,Mahya Roohi,2015-05-21T08:19:31.099000,love    ,0,0,"-1,-1,-1,0,-1,-1"
z13tuhvy3vmwxbprk04ci35w5luiwfi4lgk,strong heart,2015-05-21T08:00:58.240000,wow,0,0,"-1,-1,-1,0,-1,-1"
z12zi5bjouv2tbalt23cvzbymuaayju5d04,Ec Martinez,2015-05-21T02:28:12.963000,waka waka eh eh,0,0,"-1,-1,-1,0,-1,-1"
z12uftdyclu0s1mbc04cffvjlrukxpl5zdg,Napoleon Maldia,2015-05-21T01:53:33.012000,cutie girl and beautiful song,0,-1,"-1,-1,-1,-1,-1,-1"
z13ccr5putughnbke23ui3kg5mjvhzzyh04,Camila Rodrigues,2015-05-21T01:27:39.321000,love you shkira,0,0,"-1,-1,-1,0,-1,-1"
z12muzijetuwf3qgm04ce1nafxvtj535ao40k,Trollsif Stalin,2015-05-21T01:05:19.225000,i believe that soccer promotes terrorism  bad choice  shakira ,0,0,"-1,-1,0,-1,-1,-1"
z12kchhgyvetifahq04cez1gdnfhfltxvcg,Ayano Hattori,2015-05-21T00:04:37.489000,i loved this song when i was in my teenage years ,0,1,"-1,1,-1,-1,-1,-1"
z13gut2zbtidsnbew23sylmaxrfxhrimv,John Wilkie,2015-05-20T19:35:54.615000,lip synch is terrible,0,0,"-1,-1,-1,0,-1,-1"
z12xi1iaory1jvmlu23xfrayazjrv3jlj,Lili♥,2015-05-20T17:20:19.177000,shakira is different    she is so happy all the time and she is spending for africa    br   she can dance   sing and she speaks   languages,0,0,"-1,-1,0,-1,-1,-1"
z13fzxyw3q3bupy0w22oc3wrmu2qdtmu4,Lucas Bonini,2015-05-20T17:15:30.741000,gusttavo lima voc no me conhece  br   check out,1,-1,"-1,-1,-1,-1,-1,-1"
z13vuf3jnrncwzree22ac3sils25edx4h04,ibrahim kula,2015-05-20T16:53:38.768000,best world cup offical song,0,-1,"-1,-1,-1,-1,-1,-1"
z134htyq0xbgvvowg04cehpiox35d5chu1s,THE GAMER OF TOMORROW,2015-05-20T14:56:07.374000,  years ago damn ,0,0,"-1,-1,-1,0,-1,-1"
z12tuvbodnn5ipp3o22mxnarfnnrxbq4z04,Basanagowda Policepatil,2015-05-20T14:47:02.884000,very nice,0,0,"-1,-1,-1,0,-1,-1"
z131uprw3qv4w5iou04cjbbgtvjedpoonvs0k,Ruchira Naidu,2015-05-20T14:34:27.224000,help shakira     s waka waka be the first song by a female artist to reach   billion views  br    dark horse is ahead by roughly     million more views  and roar has only    million more views  br    a href  https   www youtube com watch v prpeedmmmq   https   www youtube com watch v prpeedmmmq   a ,1,0,"-1,-1,0,-1,-1,-1"
z130ilq4jomxx1poy04cjvniyzbqjzrjpqc0k,Play Now,2015-05-20T10:06:29.780000,like me,0,0,"-1,-1,-1,0,-1,-1"
z12guhfqxzvgy3sxc04ccblrqxbmvperiqg0k,vimal singhania,2015-05-20T09:48:09.938000,shakira song waka waka,0,0,"-1,-1,0,0,-1,0"
z12bf3fptyfkzh44n04cdbxbnyanujcy2u00k,Dara O,2015-05-20T02:39:10.745000,so underrated better br   than  katy perry    but in not saying katy is bad but she has no meaning to her songs  shakira has br   meaningful songs these are the songs which bring memories and vibe     s  i will miss it     br      ,0,0,"-1,-1,0,-1,-1,-1"
z130g5myrnncvnns3225s5jqjkqwi5de2,Samuel Hsu,2015-05-20T02:24:46.417000,i love this song and expect the world cup  ,0,-1,"-1,-1,-1,-1,-1,-1"
z13zwzgpxmihuzumx23mxf2agufctlajp04,Matheus Ribeiro,2015-05-20T01:41:33.711000,good times    ,0,0,"-1,-1,-1,0,-1,-1"
z13qfn5yusqoslnn222dutdw4yqmhzhej,LiveLikeLien x,2015-05-20T00:57:56.444000,it makes me happy instantly  and makes me forgot everything bad happening ,0,-1,"-1,-1,-1,-1,-1,-1"
z12ivloo2snustjpe04cdbf5bknuudrxpdw,LiveLikeLien x,2015-05-20T00:57:28.965000,love this song so much  one of my faves  xxx,0,1,"-1,1,-1,-1,-1,-1"
z13oc3rzqy2pwxors04cflibxy2zutsakz40k,Kalle Eklund,2015-05-19T23:29:31.994000,hi  nice song shakira   sorry for bad brazilian ,0,0,"-1,-1,0,-1,-1,-1"
z125trmyqrbaijwhf04cctobjlq4ixy4gz00k,Mohamed Anhari,2015-05-19T23:02:25.583000,best song  go shaki  d,0,-1,"-1,-1,-1,-1,-1,-1"
z12binsaxx3yiti1322df3pgvmqgurgp104,SmokinBlue,2015-05-19T22:08:37.320000,this is shit and sooooo autotuned,0,-1,"-1,-1,-1,-1,-1,-1"
z12nivexgtecgn3dd233jpupkve4gztnk,Tomke Brate,2015-05-19T20:02:18.759000,    i stil lisening this   ,0,0,"-1,-1,-1,0,-1,-1"
z13nshrbexf5xnur204cjvtimtu0xrnwm4o,KILLER SVK,2015-05-19T19:12:17.614000,sexy shakira,0,0,"-1,-1,0,0,-1,0"
z124dtzgsrbsw1kxh04cgpdjqlv3ghegsms0k,LaiLa Steudle,2015-05-19T19:06:50.714000,i love you shakiria      ,0,0,"-1,-1,-1,0,-1,-1"
z12uyzyjxtysunbmn235efxoisv3ena4q04,LaiLa Steudle,2015-05-19T19:05:28.470000,me and my aunt love this song     ,0,1,"-1,1,-1,-1,-1,-1"
z12jxbfwpnr2u3g1z23sshzxdobre3x0f,nosa bella,2015-05-18T22:19:53.735000,i subscribed it br   ,1,1,"1,-1,-1,0,-1,-1"
z13rv5wieu2fdnogl04cdl0bdmjuunpwcnk0k,C Williams,2015-05-18T21:51:36.079000,check out this playlist on youtube br   ,1,-1,"-1,-1,-1,-1,-1,-1"
z12yhleh5k2lcxtr304chn2gatiwur3xhz40k,Lizle Productions,2015-05-16T11:33:22.322000,top three shakira songs  my choice   br    br      waka waka  it     s time for africa  br    br      can     t remember to forget you  br    br      empire br    br   like this comment if u like shakira ,1,1,"-1,1,0,-1,-1,-1"
z122tvoquqzuirdhu04cfbfznza2jt05juk0k,gamila Khalil,2015-05-14T19:02:59.210000,check out this video on youtube ,1,-1,"-1,-1,-1,-1,-1,-1"
z13jgncbqw2cwjroj04cfxjisoyrsj2z4kw0k,Nancy Kiragu,2015-05-12T11:48:27.242000,check out this playlist on youtube central ,1,-1,"-1,-1,-1,-1,-1,-1"
z13ri55z2su3xp2v123ie1ywjn31zj0sl,RezAIIDay,2015-05-11T19:01:00.573000,if you could take time  amp  spare a min to read this  then thank you  br    br   im a rapper  if we     re gonna be honest theres thousands maybe even millions br    br   of those in the world but not too many with ambition  dedication  amp  passion  br    br   i don     t have money for huge youtube advertisements or incredible music videos br    br   so all im left with is comments to expose my music  br    br   if you could take a moment and give me a chance ill make you a believer br    br   i would love  nothing more than a loyal following on youtube  for anyone who br    br   reads this could you press the  quot thumbs up quot  others will see it  br    br   doing so will help me push closer to my dream    thank you,1,1,"-1,1,-1,-1,-1,-1"
z13dhjwwakylwb1ed23vd1mpsmnju5n0o,GALAXIAN HD,2015-05-09T16:51:31.436000,please visit my channel,1,1,"-1,1,-1,0,-1,-1"
z13lwva51nepgdxi404ceffbmqnfgje410c,‫انس الغامدي‬‎,2015-05-09T00:09:35.368000,pleas subscribe my channel gamezzmta,1,1,"1,1,-1,-1,1,-1"
z13axdfy2v21eltyr04cib5jvzz3etij0g0,GamezZ MTA,2015-05-09T00:08:26.185000,pleas subscribe my channel,1,1,"1,1,-1,0,1,-1"
z12rvnaqcprqe1jmt23fynpy0ziidrrzg04,joory amora,2015-05-09T00:07:53.422000,pleas subscribe gamezz mta my channel br   ,1,1,"1,1,-1,-1,1,-1"
z12nsvmo4yrifjeg504cfdvrhm2vt5p4wfg,Simon Morales,2015-05-08T20:28:10.938000,cool song check out my animal trafficking petition  br    a href  http   www thepetitionsite com             stop animal trafficking  cid headerclick  http   www thepetitionsite com             stop animal trafficking  cid headerclick  a ,1,1,"-1,1,-1,-1,-1,-1"
z13oxjdhkxzqyti1123rvxox2om4fpqqt04,Felipe Browne,2015-05-08T01:52:42.291000,check out this video on youtube  ,1,-1,"-1,-1,-1,-1,-1,-1"
z12ohx343rfzs3nmz22rfnzbkqvqtnxwt04,CliP ArT shoW,2015-05-06T07:40:02.079000,subscribe and win a cap br          ,1,1,"1,-1,-1,-1,-1,-1"
z13tgdxgmputf1xfk22jjzhqgpi4v3xo104,Pauline Martinez,2015-05-06T03:21:12.870000,check out this playlist on youtube ,1,-1,"-1,-1,-1,-1,-1,-1"
z13zhngyrsyeffkvf22cjvtofreiub1lp,Hawa Bah,2015-05-03T17:20:32.978000,hey guys love this but check out this girl name cause she knows how to dance so search up ej ba dancing ,1,-1,"-1,-1,-1,-1,-1,-1"
z131i1xypyunynkci22ijfxr2tuaf1nav04,Si Ham,2015-04-30T07:59:41.488000,if you want to win money at hopme click here a href  https   www paidverts com ref sihaam    https   www paidverts com ref sihaam    a  it     s work        ,1,-1,"-1,-1,-1,-1,-1,-1"
z13asbvq1n2ttvptn23vd1mpsmnju5n0o,GALAXIAN HD,2015-04-26T17:36:25.815000,i am from brazil please subscribe my channel love you all,1,1,"1,1,-1,-1,1,-1"
z13szlz5sp2zw3fxc04cc3nbhlmjxnphivg0k,Robloxia Asap,2015-04-25T19:54:03.298000,could spanish people understand this  br    br   any way     s i how you doing subscribe to me i brake things br    br      ,1,1,"1,-1,-1,-1,-1,-1"
z133vdcgmrijgrhld22zst0i2nfnvdvxa04,How To,2015-04-25T06:38:00.463000,pleassssssssssssssss subscribeeeeeeeeee my channnnnnelll plzz,1,1,"1,1,-1,-1,1,-1"
z13twxvoxwz1f11pk04cij1b0zi1ifbhdno0k,mariam shoja,2015-04-23T10:14:34.527000,check out this video on youtube ,1,-1,"-1,-1,-1,-1,-1,-1"
z134zb2xvybxwt54s04cexswtliatpbqxjs,Marius Dima,2015-04-23T09:27:06.888000,new way to make money easily and spending    minutes daily    gt   a href  https   www paidverts com ref marius      https   www paidverts com ref marius      a ,1,-1,"-1,-1,-1,-1,-1,-1"
z12gj5gi4leawfcni225jty5wzvecj53m,Jet Lee,2015-04-23T08:08:38.925000,there are beautiful songs please subscribe,1,1,"1,-1,-1,-1,-1,-1"
z13eupqxoyr2jf4xm04cetijyrjezfxovgw,500 Subscribers with no videos?,2015-04-22T17:36:57.326000,can this channel get      subscribers  you can make that happen  d,1,1,"1,-1,-1,-1,-1,-1"
_2viQ_Qnc6_pJLNSe-ysm1Q4pDNKWrl6EWw0cSIBV14,Ali Reza Nipu,2013-11-05T06:23:41.092000,i really love watching football and also ive started off making income with out financial risk from acquiring bonus deals  its this weird technique where you wager on something with one bookmakers and bet against it on betfair  you secure the bonus as income   a chap named jim vanstone is finding the wagers free on his own website vanstone secrets  google it    ive made about     quid thus far  and it is cost free  i guess the bookies pay him to obtain new consumers  yet this actually works ,1,-1,"-1,-1,-1,-1,-1,-1"
_2viQ_Qnc6_-PxFkTE_Kx-BN9mjiueYqg5wrx_hMGb4,angela pollman,2013-11-04T01:38:02.979000,and how many subscribers compared to her over a million,1,1,"1,-1,-1,-1,-1,-1"
_2viQ_Qnc6_ZYkMn1fS805Z6oy8ImeO6pSjMLAlwYfM,mile panika,2013-11-03T14:39:42.248000,i absolutely adore watching football plus ive started earning income with out risk from claiming bonus deals  its a weird technique where you put money on something with one bookmakers and put money against it on betfair  you acquire the bonus as income   a lad named jim vanstone is selecting the wagers free on his website vanstone secrets  google it    i have generated about     quid so far  and its free  i assume the bookmakers pay him to get new men and women  but it succeeds ,1,-1,"-1,-1,-1,-1,-1,-1"
_2viQ_Qnc6_NsO9XDTWC1TlbTRevVI-QGIqkXxuyl60,AllDailyVines,2013-11-03T12:11:52.335000,hahahahah   d like vines    subscribe to me for daily vines,1,1,"1,-1,-1,-1,-1,-1"
_2viQ_Qnc6_J91n3DVA-4R9BjK8WFHtrJvrEn31ogGU,prem kumar,2013-11-03T11:15:28.071000,hi there  have you heard about dribbleproshot  just do a search on google  on their web site you can watch a smart free video featuring the best way to significantly boost your football aka soccer skills in no time    it turned nick into a much better football or soccer player   his team mates were definitily amazed  i hope it will help you also   ,1,-1,"-1,-1,-1,-1,-1,-1"
_2viQ_Qnc68YSD3Jr7qwbu0qvY0HeLZysgcn6ievlLI,rijia babu,2013-11-02T15:17:41.037000,hey  have you tried  quot dribbleproshot quot  yet  just do a search on google  on their website you will find a useful free video demonstrating the right way to enormously improve your soccer or football skills in no time    it transformed fausto into a substantially better football soccer player   to the amazement of his team mates  hopefully it works for you too ,1,-1,"-1,-1,-1,-1,-1,-1"
_2viQ_Qnc6-_qc98D_T8ICCw3meS1f1YJqU9SA-X1t4,lildeneiro,2013-11-01T11:03:14.840000,still amazing this song   i did a french kpop parody  please come on my channel to watch it  share  suscribe  comment thanks,1,1,"-1,1,-1,-1,-1,-1"
_2viQ_Qnc6-FlNdROU4zIseFCr76DMg7l8N-trEo764,real money,2013-10-30T15:55:56.097000, subscribe to my feed,1,1,"1,1,-1,0,1,-1"
_2viQ_Qnc6_1RPym_S70n6Rv617-TI9Z8GVhGlwXs_I,AllDailyVines,2013-10-28T00:00:12.526000, d subscribe to me for daily vines,1,1,"1,-1,-1,-1,-1,-1"
_2viQ_Qnc68YBtosyTVGLy_Fs4YYXoiWd5-wKXnaIw4,celebsongspoof,2013-10-27T19:00:17.015000,hey guys whats up  i found this app that lets you get free gift card vouchers like psn cards x box live cards and even amazon gift cards  for free  all you have to do is  simply just download the app from the app store  it is called juno wallet  all you have to do is just sign up for the app and then complete a few surveys or just download some other free apps and you get money like    cents  also  if you type in the code im         you will also start off with       free   ,1,-1,"-1,-1,-1,-1,-1,-1"
_2viQ_Qnc69LaqGJOI7p8VvK_26tIy8R0g_z-_ye79c,Laura Brown,2013-10-27T02:55:06.764000,you guys should check out this extraordinary website called firepa com     you can make money online and start working from home today as i am    i am making over         per month at firepa com     visit firepa com and check it out    lake     duzafizz   singlewave   spourmo   burder   colorful   claster   incandescent   ambitious   winooze   absorbing   macabre   crestboot   boxium   womanly   tan   ybuwyn   forgetful   pepelexa   zealous,1,-1,"-1,-1,-1,-1,-1,-1"
_2viQ_Qnc6-fnXF3jNuC5sr8txrOVFd4Uozj9Y4xC-w,FreshisYummy,2013-10-26T06:28:32.523000,waka waka  d   check out my new halloween video   ,1,1,"-1,1,-1,-1,-1,-1"
_2viQ_Qnc6-awsV_zO5HWBhiYFzj5-4qgeeFv1iJwRU,Ferdi David,2013-10-25T11:26:10.848000,we are    year old boys we are trying to enter in the music industry maybe we are just a dreamers but we are not the  only one  please give us one chance to prove ourself to you  we know these things are annoying as hell we are sorry  about that  but we do anything to get music heard  please visit our channel subscribe if you like and thumb this comment up so everyone can see we have made a song called  i wanna play a game please take a look on our channel thankss   ,1,1,"1,-1,-1,-1,-1,-1"
_2viQ_Qnc69HTQ21lx0wtZ4TFYSpc_gMDApvlQt0q8o,Ishfaq khan,2013-10-21T07:18:41.460000, plz i wilsubscribe me frndzzl subscribe u back,1,1,"1,-1,-1,-1,-1,-1"
_2viQ_Qnc68YhzlKOdq3h2y3v8TCi0RQSIFzQP8hltY,Derek Moya,2013-10-21T05:47:26.457000,you guys should check out this extraordinary website called moneygq com     you can make money online and start working from home today as i am    i am making over         per month at moneygq com     visit moneygq com and check it out   why does the fragile swim enlist the person  how does the ice audit the frequent son  the fantastic chance describes the rate ,1,-1,"-1,-1,-1,-1,-1,-1"
_2viQ_Qnc6_KD8seCZD8AcEirg_4NEFXuEO1fKw3lmY,VideoPro,2013-10-20T20:52:44.901000,subscribe me and i requite,1,1,"1,-1,-1,-1,-1,-1"
_2viQ_Qnc69ShtSmsaBOGFHrTAVCkLAtpOr40oiL5Yg,James Cook,2013-10-20T13:31:10.083000,stop wasting up your time and  get paid to mess around on facebook and twitter   get paid upto     to     an hour    only at  netjobs com  work from the comfort of your home    we are currently hiring people from all over the world   for a wide range of social media jobs on sites such as facebook twitter and youtube   you don     t need any prior skills or experience and you can begin work immediately   you can easily make       to        monthly incomeonly at  netjobs com,1,-1,"-1,-1,-1,-1,-1,-1"
_2viQ_Qnc69fyi7qH4TDPB7CSJnioSrJi3CoQXBbjCo,Mayla Stephens,2013-10-18T20:28:32.779000,i love this      this is one of my fave songs now and i just subscribed         ,1,1,"1,1,-1,-1,1,-1"
_2viQ_Qnc6_kxEjV8Ut57SeEGdqSKmC8VGP1K38Q2qY,Scott Johnson,2013-10-18T19:45:43,you guys should check out this extraordinary website called zonepa com     you can make money online and start working from home today as i am    i am making over         per month at zonepa com     visit zonepa com and check it out   why does the statement conciliate the acidic stretch  the earth recognizes the money  when does the numberless number transport the trade ,1,-1,"-1,-1,-1,-1,-1,-1"
_2viQ_Qnc69wKf5GrJmQ5IZqKaEKr-rIjB5OqBC1Y_M,HowToMakeALotOfMoneyFast,2013-10-18T16:44:51.714000,how to make a lot of money fast,1,-1,"-1,-1,-1,-1,-1,-1"
_2viQ_Qnc6-I58GFzl5H7twI_SISp0gQ8DndetxF2i0,link chick,2013-10-18T13:17:29.088000,visit  quot  ww estiloproduction com  quot  best website to make money,1,-1,"-1,-1,-1,-1,-1,-1"
_2viQ_Qnc69N53yIJS3ZrRHmdbS1qZLnkXgodzIegJM,BloggerGaming2229,2013-10-16T19:05:33.329000,message     gta v       fifa         ps         galaxy s  mini       ipad           visit the site hh nl,1,-1,"-1,-1,-1,-1,-1,-1"
_2viQ_Qnc68eqIzELH00rh9umGlUKSRuQvWZAXhr_qM,James Cook,2013-10-15T17:00:04.573000,stop wasting up your time and  get paid to mess around on facebook and twitter   get paid upto     to     an hour    only at  netjobs com  work from the comfort of your home    we are currently hiring people from all over the world   for a wide range of social media jobs on sites such as facebook twitter and youtube   you don     t need any prior skills or experience and you can begin work immediately   you can easily make       to        monthly incomeonly at  netjobs com,1,-1,"-1,-1,-1,-1,-1,-1"
_2viQ_Qnc69h-dBshypMERLv5by8Rf7I8TSLnP1Lnoo,Steven Slater,2013-10-15T09:56:19.653000,being paid to respond to fast paid surveys from home has enabled me to give up working and make more than      bucks monthly   to read more go to this web site bit ly  bsefqe,1,-1,"-1,-1,-1,-1,-1,-1"
_2viQ_Qnc6-grcnVFTtwnhvC9tpgVG33p5a0AZHKlLI,James Cook,2013-10-14T10:35:03.861000,hello guys   i found a way to make money online you can get paid to mess around on facebook and twitter  get paid upto     to     an hour   only at  netjobs com work from the comfort of your home    they are currently hiring people from all over the world  for a wide range of social media jobs on sites such as facebook twitter and youtube you don     t need any prior skills or experience and you can begin work immediately  you can easily make       to        monthly incomeonly at  netjobs com,1,-1,"-1,-1,-1,-1,-1,-1"
_2viQ_Qnc6-q29okw74KTmVXCvhacMZ5NjAiYdAwHww,Louis Bryant,2013-10-12T15:55:05.693000,you guys should check out this extraordinary website called zonepa com   you can make money online and start working from home today as i am  i am making over         per month at zonepa com   visit zonepa com and check it out  the meat discusss the successful memory  how does the peaceful unit arbitrate the guide  the addition designs the worried loss ,1,-1,"-1,-1,-1,-1,-1,-1"
_2viQ_Qnc69vgWhC2acrKSH-tvjKq1KuKBca1UtB8wk,Louis Bryant,2013-10-12T15:20:19.887000,you guys should check out this extraordinary website called zonepa com   you can make money online and start working from home today as i am  i am making over         per month at zonepa com   visit zonepa com and check it out  how does the mother approve the axiomatic insurance  the fear appoints the roll  when does the space prepare the historical shame ,1,-1,"-1,-1,-1,-1,-1,-1"
_2viQ_Qnc69mufWqn8FcFN6u6tahNMkNWgB4-jKb2hs,Louis Bryant,2013-10-12T15:19:50.282000,you guys should check out this extraordinary website called zonepa com   you can make money online and start working from home today as i am  i am making over         per month at zonepa com   visit zonepa com and check it out  the plausible summer submits the behavior  when does the grass check the peaceful seat  the country strategizes the edge ,1,-1,"-1,-1,-1,-1,-1,-1"
_2viQ_Qnc6_QZJzAERyAVzhcr3jy2ctVM4zQMfesQWQ,The NeedleWork,2013-10-12T09:32:49.512000,check out my channel   ,1,1,"-1,1,-1,0,-1,-1"
_2viQ_Qnc6_qs30Ph_whafzKoWVyh_xIYpN3-7U_VmA,high tems,2013-10-12T09:13:19.285000,subscribe  my,1,1,"1,1,-1,0,1,-1"
_2viQ_Qnc69BVRuBYCJ6ik7gdMwTiBRS9DDnTjNs-Gg,James Cook,2013-10-10T18:08:07.815000,hello guys   i found a way to make money online you can get paid to mess around on facebook and twitter  get paid upto     to     an hour   only at  netjobs com work from the comfort of your home    they are currently hiring people from all over the world  for a wide range of social media jobs on sites such as facebook twitter and youtube you don     t need any prior skills or experience and you can begin work immediately  you can easily make       to        monthly incomeonly at  netjobs com,1,-1,"-1,-1,-1,-1,-1,-1"
_2viQ_Qnc6-nD73Whq8IPs5SpJ3v8OO6PlgvyoopAqQ,Merabi Mazmaniani,2013-10-10T09:39:11.008000,please visit this website  oldchat tk,1,-1,"-1,-1,-1,-1,-1,-1"
_2viQ_Qnc68tZfiBq8O7pExj1MmWcnorsu-kyc0Jz8Q,Merabi Mazmaniani,2013-10-09T14:20:36.334000,please visit this website  oldchat tk,1,-1,"-1,-1,-1,-1,-1,-1"
_2viQ_Qnc6-k1VSPmCd2mrSAAQXChBMxF7oeJGCepUU,Anderson St. Martin,2013-10-09T03:22:24.252000,hello everyone my name     s anderson and i     m a singer  not expecting to buy subscribers with words but to gain them with my voice  i might not be the best but my voice is different  in a good way  and i     ll work harder than anyone out there to get better       cuz  quot yeah quot  i have a dream  a huge one   who doesn     t   so please take   minutes of your time to check out my covers  give me a chance you won     t regret it if you feel like subscribing that     d be awesome and it     d mean the world to me thank you so much,1,1,"1,1,-1,-1,1,-1"
_2viQ_Qnc68jroUSzJhg6jrxFj86oxZrAtGB_PWbOm4,latrell brown,2013-10-08T18:26:06.234000,check out daneja good girl,1,-1,"-1,-1,-1,-1,-1,-1"
_2viQ_Qnc6-dfXGv_qVn1mdoRB9dAfp4ppjUsNu-GDU,OnlineJobs99,2013-10-07T03:35:34.267000,hello guys   i found a way to make money online you can get paid to mess around on facebook and twitter  get paid upto     to     an hour   only at  netjobs com work from the comfort of your home    they are currently hiring people from all over the world  for a wide range of social media jobs on sites such as facebook twitter and youtube you don     t need any prior skills or experience and you can begin work immediately  you can easily make       to        monthly incomeonly at  netjobs com,1,-1,"-1,-1,-1,-1,-1,-1"
_2viQ_Qnc6_eMN0NwT5paySjJPFbN5xI9W8C1Bwoq1U,WhatUKnow,2013-10-07T02:59:17.497000,subscribe to my youtube channel      suscribite a mi canal de youtube  whatuknow,1,1,"1,1,-1,-1,1,-1"
_2viQ_Qnc68DyUSaxqDmv-6yHPVUpKeYAZhrh2PUMZg,jameskileymusic,2013-10-06T05:38:47.524000,check out my bass cover of hips don     t lie by shakira ,1,1,"-1,1,0,-1,-1,-1"
_2viQ_Qnc6-TLlBlT0itl1DbMJQGBx_6ZbscBXA3Nww,WhatUKnow,2013-10-06T03:24:16.073000,subscribe to my channel      lt  ,1,1,"1,1,-1,-1,1,-1"
_2viQ_Qnc69wrsSgR2azuokmk5-WDQVVI2lCV-WqJGA,Hadrien Robalo Marques,2013-10-05T22:31:44.181000,the britishs called that soccer but you know the true word is football and the us foot is called rugby  that works like that in euw   germany  netherland  france  portugal  belgium  spain        just because the britishs don     t agree to be like us because they are unique  that     s the reason why they also refused to have euro    as money,1,-1,"-1,-1,-1,-1,-1,-1"
_2viQ_Qnc69JZ1f3TJQWKMLhmdP0inDDPwOvzMQiFjE,Su Xianfeng,2013-10-05T11:54:10.192000,subscribe now       love the song       love football   ,1,1,"1,-1,-1,-1,-1,-1"
_2viQ_Qnc68fX3dYsfYuM-m4ELMJvxOQBmBOFHqGOk0,tyler sleetway,2013-10-05T00:57:25.078000,so beutiful,0,0,"-1,-1,-1,0,-1,-1"
_2viQ_Qnc68fX3dYsfYuM-m4ELMJvxOQBmBOFHqGOk0,tyler sleetway,2013-10-05T00:57:25.078000,so beutiful,0,0,"-1,-1,-1,0,-1,-1"
_2viQ_Qnc69d37KEGZqBfleT0syzA1usOUM89zKNBGs,Gabriella Korotasz,2013-10-04T22:49:59.635000,she     s so pretty,0,0,"-1,-1,-1,0,-1,-1"
_2viQ_Qnc68DYuhKc_RZjva7trZ1b4AU28tnu1S8KAc,Masreya ..,2013-10-04T22:38:44.441000,i like,0,0,"-1,-1,-1,0,-1,-1"
_2viQ_Qnc6-adLPqdl8Te15fgwPQaG8KLlyJGrtxbic,5000palo,2013-10-04T19:40:44.339000,she is perfect,0,0,"-1,-1,-1,0,-1,-1"
_2viQ_Qnc6-1fj_YPI5S4X9e9VnvAzoykRbwZGAlYgo,emoclew71,2013-10-04T19:18:44.700000,              gangnam style   ,1,0,"-1,-1,-1,0,-1,-1"
_2viQ_Qnc6-pstqJtz-1zkROrvYIsPoBlOCr8i_tLIM,Capo Crimini,2013-10-04T18:59:40.338000,your a fucking bitch,0,0,"-1,-1,-1,0,-1,-1"
_2viQ_Qnc6_-kHjHykSk9uu3A0NCryrDEa3pLXbX_C8,WhipCreamOnTop,2013-10-04T18:46:53.897000,this song is racist,0,0,"-1,-1,-1,0,-1,-1"
_2viQ_Qnc68357a4KUMONoAtNJ71qlc4cCzOC5Q5U3E,Odín000,2013-10-04T17:15:51.850000,where are shakifans ,0,0,"-1,-1,-1,0,-1,-1"
_2viQ_Qnc684Wob4j6dbLPeYzFG8ZB3h1sgfYm4SDsI,Aliens Studios,2013-10-04T17:13:18.472000,like     ,0,0,"-1,-1,-1,0,-1,-1"
_2viQ_Qnc694tFwvOhmFcrz4GGaxVyxStdYmFH-nR68,5000palo,2013-10-04T16:15:05.278000,i want new song,0,0,"-1,-1,-1,0,-1,-1"
_2viQ_Qnc6_lxLB2IBIspObma9o3R5-8SwQnc8zq9Sk,Alain Bruno,2013-10-04T14:24:49.500000,shakira is perfect,0,0,"-1,-1,0,0,-1,0"
_2viQ_Qnc6_JXmouLzw0-ItjbZCiPZjIwo__lIyDsj8,5000palo,2013-10-04T14:21:59.312000,shakira    ,0,0,"-1,-1,0,0,-1,0"
_2viQ_Qnc69xHT0POK7QFVihno_v_II_pWLoDMoFPXo,Directioner For Life,2013-10-04T13:54:20.918000,i remember this  d,0,0,"-1,-1,-1,0,-1,-1"
_2viQ_Qnc6-DELwfmf160qnTke41ME1MAOWHfxdLYyU,Tydings Jay,2013-10-04T07:47:56.333000,waka waka,0,0,"-1,-1,-1,0,-1,-1"
_2viQ_Qnc6_ahzf6NP9Anh6ef2byWNEcrFHd9swO25s,mermskg,2013-10-04T05:20:55.524000,this makes me miss the world cup,0,-1,"-1,-1,-1,-1,-1,-1"
_2viQ_Qnc68hNPCfXGAxIxW9V7wcDDxSdp-gyHTkgho,ranferi delgado,2013-10-04T03:56:04.784000,best song eva,0,0,"-1,-1,-1,0,-1,-1"
_2viQ_Qnc6-9_PSkIwb3ThN5ebV8wCU8DxCWTgTSOkc,jack nons,2013-10-04T02:35:47.067000,i love it,0,0,"-1,-1,-1,0,-1,-1"
_2viQ_Qnc6_rAWi6BK2OqTQ_Ob0X8DkXenO0qL0qWm0,Ryan Alexander Osborn,2013-10-04T02:26:08.693000,believe that jesus christ is your savior for all your sins  if you truly believe in jesus christ to be your savior for all your sins then you will go to heaven  if you believe in jesus christ then you are saved and you are in salvation and you have gained gods righteousness  it matters not how much you have sinned in the past  in the present and especially in the future  believe that jesus christ is your savior and you will go to heaven forever and that is the whole truth  spread the truth  ,1,-1,"-1,-1,-1,-1,-1,-1"
_2viQ_Qnc6-kUg8jc2n9-Cudm5lEsM-cSzIjF182TJo,Pyles Baxter,2013-10-03T02:25:19.324000,  perhaps you have seen the newest miley cyrus secret video     she     s sucking an old man     s cock    if you wish to see her   check out the celebrity website beneath     miley secret video co uk ,1,-1,"-1,-1,-1,-1,-1,-1"
_2viQ_Qnc6_xOpLcxFFeUEgEYvQjttGcFYeMZ2lK4yY,Pyles Baxter,2013-10-03T01:52:36.990000,  haha   miley cyrus has done it once again  today someone leeched a porno video with her on a celeb site   i believe the website link is   miley celeb news co uk in case you want to view it     ,1,-1,"-1,-1,-1,-1,-1,-1"
_2viQ_Qnc6_7GI-VeVlj8gEzvkgATIX3jK-7J1kwWEY,Pyles Baxter,2013-10-03T00:21:52.191000, i really can     t comprehend miley cyrus   she actually is a high profile and she tapes herself banging today a video was leeched with her sucking and fucking the video has been posted at the celebrity website under    miley celeb news co uk ,1,-1,"-1,-1,-1,-1,-1,-1"
_2viQ_Qnc6_IouTIqS8ontdQofcZwF4O6cG0-rFPXvo,lauren sophie,2013-10-02T15:30:38.020000,her voice is so wow ,0,-1,"-1,-1,-1,-1,-1,-1"
_2viQ_Qnc68MKhLnK71z12gu878i_A0sdfmpA0RvgOE,5000palo,2013-10-02T13:45:33.782000,shakira    ,0,0,"-1,-1,0,0,-1,0"
_2viQ_Qnc6-M2Gjq_TCThUeRGBbSNsclbeFll-ETDD8,ben mashall,2013-10-02T13:42:21.938000,  ,0,0,"-1,-1,-1,0,-1,-1"
_2viQ_Qnc6_N2zOGpILFMw84xtq3hW1Evqp4K2VjCiM,salama al jadeedi,2013-10-02T13:22:09.610000,wow,0,0,"-1,-1,-1,0,-1,-1"
_2viQ_Qnc6-M29TD0eSrvhfMU9n1v7kunCbSMqnODXg,Abdullah Alawani,2013-10-02T12:49:44.963000,i love you,0,0,"-1,-1,-1,0,-1,-1"
_2viQ_Qnc680Rh_y5Dlwtkr_llWVOG7ZQdmNVip_dno,Minh Lý,2013-10-02T12:15:58.210000,i like and love so much people all friends      i love shakira   ,0,0,"-1,-1,0,-1,-1,-1"
_2viQ_Qnc6_bcubCrs8YncM7B9016OeduR9RR-cKRb4,Kenji Bustalinio,2013-10-02T11:46:51.783000,  ,0,0,"-1,-1,-1,0,-1,-1"
_2viQ_Qnc6-pgdb3FeyKxBCq6-zYy7OAn_tWkX5Xgz4,Chris Williams,2013-10-02T07:50:13.051000,shakira i love you,0,0,"-1,-1,0,0,-1,0"
_2viQ_Qnc6_f7lY0xamQZtpqGkzqcC4U25KdJTNXqfo,น้ำ ริน,2013-10-02T06:32:58.224000,beautiful,0,0,"-1,-1,-1,0,-1,-1"
_2viQ_Qnc6_umVgV0fI-CSScDHuFxNHIVvezCGhajW8,Alain Bruno,2013-10-02T04:01:20.922000,shakira is very beautiful,0,0,"-1,-1,0,0,-1,0"
_2viQ_Qnc6_eGfHB415UkNWBszO-GzLm9_Q0_qWsNLI,annabelle dalal,2013-10-02T03:50:46.921000,she is good,0,0,"-1,-1,-1,0,-1,-1"
_2viQ_Qnc6-uO31Z6WO5RUUpcrJ43ISst2uruk4y6TI,viginas smell like fish,2013-10-02T03:16:47.796000,god she is so hot,0,-1,"-1,-1,-1,-1,-1,-1"
_2viQ_Qnc6_XQHOjsmnALH1Quwy3tmW6KKW67LkNGoQ,Juan Martinez,2013-10-02T03:08:55.478000,she is perfect   lt  ,0,0,"-1,-1,-1,0,-1,-1"
_2viQ_Qnc6-LmEEd3Pfnu9Sr-MT4sVCt84E5BYHGnM0,mirzet beganovic,2013-10-02T02:06:20.220000,wow,0,0,"-1,-1,-1,0,-1,-1"
_2viQ_Qnc6-TMFClPlfFIBHdy_HbPbLyMhBsuEz5Lj8,Trang Le,2013-10-02T00:48:17.158000,shakira voice sound spanish but that is what make the music sound amazing i love it,0,0,"-1,-1,0,-1,-1,-1"
_2viQ_Qnc69D1Jxs1IlkkF0Xzce0uBoJN_OzDHnfmV0,latrell brown,2013-10-01T23:42:30.928000,check out daneja good girl,1,-1,"-1,-1,-1,-1,-1,-1"
_2viQ_Qnc68Lfu14asBabOAcqL9B7Anp_6zX66rSWP0,42o2 Studios,2013-10-01T19:10:56.808000,check out my covers please ,1,1,"-1,1,-1,-1,-1,-1"
_2viQ_Qnc68dceJbTRNTP2sksMxa_lm35LaCu_jPluY,Shadrach Grentz,2013-09-29T13:59:42.162000,hey music fans i really appreciate any of you who will take the time to read this  and check my music out  i     m just a    year old boy dreaming of being a successful musician in the music world  i do lots of covers  and piano covers  but i don     t have money to advertise  a simple thumbs up to my comment  a comment on my videos or a subscription would be a step forward  it will only be a few seconds of your life that you won     t regret    thank u to all the people who just give me a chance     ,1,1,"-1,1,-1,-1,-1,-1"
_2viQ_Qnc69A12xULkAOn5BEAGFKxQTTP02SSbsMsmc,Vincent T.,2013-09-29T00:44:30.904000,echa un vistazo a la remezcla    check out the remix   miley cyrus   wrecking ball  the house of edm remix   miley cyrus   wrecking ball  vincent t  remix      click  enlace  suscrbase       click  link  subscribe ,1,1,"1,-1,-1,-1,-1,-1"
_2viQ_Qnc6-CRJO_6pvsByopsnD3qpCbK0IPhkvTuS8,RanMC & RVNNIN' RVNN,2013-09-26T20:13:40.670000,hey check out our new musicvideo           life     s a celebration           peace  ,1,-1,"-1,-1,-1,-1,-1,-1"
_2viQ_Qnc6_onwOgxju-DV6WkqHZEOztCXD04EgEFBU,Hidden Love,2013-09-24T14:29:54.072000,hi  check out and share our songs ,1,-1,"-1,-1,-1,-1,-1,-1"
_2viQ_Qnc6_rdI1pDiJrFRv9uqSk3MizTk-rQeALntU,Noise​Break,2013-09-21T22:11:23.900000,subscribe  amp  like  watch v  tu gn l   ,1,1,"1,-1,-1,-1,-1,-1"
_2viQ_Qnc69uhVbXr8SjkhLHu7T1HOxqrEF1f6h8vUA,Finuccsi Aka csincsilla3M,2013-09-21T15:43:40.171000, watch v dtqcftr fac justien bieber car       like amp subscribe,1,1,"1,-1,-1,-1,-1,-1"
_2viQ_Qnc69ETVqiialEz0s1k4Xnlmwuu1m1Hr-YzRE,killtheclockhd,2013-09-17T15:23:13.101000,check out our bands page on youtube killtheclockhd   check out some of our original songs including  quot your disguise quot ,1,-1,"-1,-1,-1,-1,-1,-1"
_2viQ_Qnc6_0DIjqw5n_WRhiiEtCGnZgvPPZJgZwPjU,The-ZiZ Oh,2013-09-14T16:15:00.990000,hi  check out our awesome covers  and say what you think ,1,-1,"-1,-1,-1,-1,-1,-1"
_2viQ_Qnc6_B7ncS0M0zl0VC4SZ22T1ZO_GNhI1IWTM,Greg Fils Aimé,2013-09-10T23:18:01.455000,i hope everyone is in good spirits i     m a hard working student who     s also a passionate singer i look foward to the day when i can make my own music to share but for now i     ve just been doing covers  check out my channel  i     ve done covers of miley cyrus  imagine dragons  lana del rey  drake  macklemore  pink and countless others   subscribe only if you want to  my goal isn     t to become famous but to  inspire fyi this isn     t spamming  everyone has a right to freedom of speech  thanks ,1,1,"1,1,-1,-1,1,-1"
_2viQ_Qnc6_NswChsPPlG9Uf0ofpNvP1p2xoIoIi558,Mohammad Dorri,2013-09-10T14:21:06.521000,please visit our web  wellcomemd blogfa com,1,-1,"-1,-1,-1,-1,-1,-1"
_2viQ_Qnc6-adCzTDLAhqNVQ5hFYcjPyPI5m7pHY4BY,Lizzy Molly,2013-09-09T17:34:07.052000,please check out my video called  quot we love mind master it quot  thanks,1,1,"-1,1,-1,-1,-1,-1"
_2viQ_Qnc68Q2-t0ozy5t7pGOgxPEnJYsDVa48udRIQ,5000palo,2013-09-07T21:37:36.738000,she is perfect,0,0,"-1,-1,-1,0,-1,-1"
_2viQ_Qnc6-jidHqOHj6hf4XnhflHNGicw4dL1vZRvQ,DizzyDank314,2013-09-07T20:04:51.947000,          ,1,0,"-1,-1,-1,0,-1,-1"
_2viQ_Qnc6_Z85BMDurr0H0sdfTiCwy1hAg5aytbkWg,Trulee IsNotAmazing,2013-09-07T14:18:22.601000,beautiful song beautiful girl it works,0,-1,"-1,-1,-1,-1,-1,-1"
_2viQ_Qnc68mfmp-D4hvnrhJa3Z4I1G4FbP0hvk2rA4,5000palo,2013-09-07T13:36:28.059000,shakira    ,0,0,"-1,-1,0,0,-1,0"
_2viQ_Qnc69hsj2kD8NcqZ3j5iFIB8o7VpIkf2JL1uU,brooke louise,2013-09-07T11:30:46.720000,omg love this ,0,0,"-1,-1,-1,0,-1,-1"
_2viQ_Qnc689wLmW6MeEZ9rga7i5ZYz1G3IZmSHeWEQ,John Jones,2013-09-07T10:25:25.376000,ouf ouf ouffffffffffffffffff           ,0,0,"-1,-1,-1,0,-1,-1"
_2viQ_Qnc68GD5OuwI5hh_dOADJdyjRye8XvH_ucDSk,jundi sahibol,2013-09-07T05:55:49.698000,awesome,0,0,"-1,-1,-1,0,-1,-1"
_2viQ_Qnc69pXwaj0QM6Ewdhza8RXqWKlQcJUj8dPWg,ernesta gerikaite,2013-09-07T05:30:09.654000,cool,0,0,"-1,-1,-1,0,-1,-1"
_2viQ_Qnc69vjtRxop92H6OWpxKYZu4Mokxff2OzDKE,TheBoss,2013-09-06T23:42:08.961000,this song will never get old,0,-1,"-1,-1,-1,-1,-1,-1"
_2viQ_Qnc68o-ddWZf7571X8w1r4L1zFzYihOdQ0tAY,Bold Skud,2013-09-06T20:43:57.411000,i always have goose bumps at that part,0,-1,"-1,-1,-1,-1,-1,-1"
_2viQ_Qnc69IkplAQG3gXtQ9y40h_rrQsgjJk3v_MOk,Gintoki Sakata,2013-09-06T19:35:01.117000,love it,0,0,"-1,-1,-1,0,-1,-1"
_2viQ_Qnc68BaXGVkheyDuF79FU05zYyvT-Q5xFyHzM,Alaa Foad,2013-09-06T18:32:07.187000,i love this song,0,0,"-1,-1,-1,0,-1,-1"
_2viQ_Qnc69FP_GeK2URWIx47LwY10_rRmCqfFk0_Uc,Frans Kraanen,2013-09-06T15:57:09.812000,i want to see shakira  not football   ,0,0,"-1,-1,0,-1,-1,-1"
_2viQ_Qnc6-_SpDzX8DwHaw3bUkE-owmcb7eOEPPurs,TAKAHASHI KAITO,2013-09-06T14:51:05.944000,good  ,0,0,"-1,-1,-1,0,-1,-1"
_2viQ_Qnc69hcZfDZYAej5tFyv6a7kX1xwJGCG1T3qY,dili bair,2013-09-06T14:02:25.579000,recommend   apple ipad  th gen   gb unlocked wi fi  g    in white price       apple iphone    latest model      gb   black price       samsung galaxy s  s iv   with   gb new white price       sony    inch  d led hdtv price       all in one pcs  apple macbook pro  apple macbook air price       camera  nikon d   slr camera       mm        mm   gb  price        ultrabooks  sony vaio pro    intel core i   gb    gb price                          purchase online website is   taaee com,1,-1,"-1,-1,-1,-1,-1,-1"
_2viQ_Qnc68RkAwC42s4YBDdCJYELSb6UiuZri58Kn0,Charanjeet Singh,2013-09-06T12:13:12.642000, quot help the humanity with your sign in to this link with your wholehearted support if you say  quot no quot  to discrimination  united we stand   we will bring the change together   impossible itself says i  m  possible quot   you are the winners of my success cheers to all my loving brothers and sisters    please share this link on facebook to support against discrimination   tinyurl dot com slash mxh y    fear none but god    ,1,1,"-1,1,-1,-1,-1,-1"
_2viQ_Qnc686iGqhAHKEeclAngy8MjvOxAo1hFpatHc,Krystian Konrad Moreński,2013-09-06T09:38:13.854000,part    comforter of the afflicted  pray for us help of christians  pray for us queen of angels  pray for us queen of patriarchs  pray for us queen of prophets  pray for us queen of apostles  pray for us queen of martyrs  pray for us queen of confessors  pray for us queen of virgins  pray for us queen of all saints  pray for us queen conceived without original sin  pray for us queen of the most holy rosary  pray for us queen of the family  pray for us queen of peace  pray for us ,1,-1,"-1,-1,-1,-1,-1,-1"
_2viQ_Qnc6_38op-kBrdA4xwd0KSYefHqdbeuljSgzM,Krystian Konrad Moreński,2013-09-06T09:36:48.076000,part    holy mary  pray for us holy mother of god  pray for us holy virgin of virgins  pray for us mother of christ  pray for us mother of divine grace  pray for us mother most pure  pray for us mother most chaste  pray for us mother inviolate  pray for us mother undefiled  pray for us mother most amiable  pray for us mother most admirable  pray for us mother of good counsel  pray for us mother of our creator  pray for us mother of our redeemer  pray for us ,1,-1,"-1,-1,-1,-1,-1,-1"
_2viQ_Qnc6_FlLJN0izQaKVQNe6LGDmPZMmkVDjjymE,Neeru bala,2013-09-05T23:07:09.056000,hi   everyone   if anyone after real online work  i can help u  earn lots of money  it     s fun  it     s real and affiliated company   u not think u r working  it     s easy and enjoyable  for more info contact me    neeru     gmail com,1,-1,"-1,-1,-1,-1,-1,-1"
_2viQ_Qnc6_8ffRCQd5tgg-gWMV557Vkqa4Yz1P4m8s,Faisal Alqarny,2013-09-05T21:46:13.297000,nice song    ,0,0,"-1,-1,-1,0,-1,-1"
_2viQ_Qnc68WY7dYEqu0Gx6d1pRcC1S2JCkyKwPxBEE,timemastro1,2013-09-05T19:31:01.424000,god she is so sexy  drives me crazy ,0,-1,"-1,-1,-1,-1,-1,-1"
_2viQ_Qnc69saopRmKcZavlgi69aQhlFsDzUkMqZ1xQ,jemy Abdulrahman,2013-09-05T19:30:37.124000,wow,0,0,"-1,-1,-1,0,-1,-1"
_2viQ_Qnc68d0oIh4oQZVITOixgFDyWwZLzk0gK604I,arribasinaloa Beltran,2013-09-05T19:25:33.583000,shakira is the best ,0,0,"-1,-1,0,0,-1,0"
_2viQ_Qnc68eAk1RuUiWxIBm6SyxuC5iUi2qYbz8gmE,اسيا الخواجة,2013-09-05T18:47:29,nice,0,0,"-1,-1,-1,0,-1,-1"
_2viQ_Qnc6_VU7QGeFKeturpUPwo-jDiYu85rbtMPS8,fatiha el fallali,2013-09-05T18:08:08.377000,shakira,0,0,"-1,-1,0,0,-1,0"
_2viQ_Qnc69LTbY1BZ2vaOiGknD4szgHVHc6FI3mBAw,5000palo,2013-09-05T17:29:20.413000,shakira    ,0,0,"-1,-1,0,0,-1,0"
_2viQ_Qnc6_K0UFJiCGKpBw86dGcjZIV5Nt7ke46swQ,Charly Boy Toy,2013-09-05T17:05:33.790000,the best ,0,0,"-1,-1,-1,0,-1,-1"
_2viQ_Qnc6-oktCjZuAEscq8DxT2RHFY1nfSS_hCWf0,Wafence,2013-09-04T19:16:44.109000,hey youtubers and all music lover     s  guess most of you all skip these comments  but for you who is still reading this  thanks   i dont have any money for advertisiments  no chance of getting heard  nothing  all that     s left is spam  sorry  im     rapper singer from estonia  please listen my new cover on my account  you wont regret it  give me just a chance  please  take half a second of your life and thumb this comment up  it will maybe change my life  for real  thank you wafence ,1,1,"-1,1,-1,-1,-1,-1"
_2viQ_Qnc6-8fXmwJsxpt64D862oCsb0cCfnoF_7Pwg,david rodriguez,2013-09-04T04:08:26.821000,do you want to make some easy money  check out my page tvcmcadavid weebly   com dont miss out on this opportunity give thumbs up i would  apprecitate it ,1,1,"-1,1,-1,-1,-1,-1"
_2viQ_Qnc6-r7fiKCYAGotgCULCIx695QCHaAZDKHBM,Tiffanythebest,2013-09-02T19:42:46.640000,please check out this video called  quot we love mind master it quot   thank u   ,1,-1,"-1,-1,-1,-1,-1,-1"
_2viQ_Qnc69wycunZGebHhH3CnhNYYLjUzHrnXdzkV8,How To Advertise On Facebook,2013-09-01T16:16:00.721000,ways to make money   k per month search google now  gt  gt   nl me make money without investment  ,1,-1,"-1,-1,-1,-1,-1,-1"
_2viQ_Qnc6_JXdgRpQbBADKUYa1ESkXLxO1oW_ouaxU,How To Make Money On Youtube,2013-09-01T10:24:20.112000,meet the richest online marketer  now click   bit ly make money without adroid,1,-1,"-1,-1,-1,-1,-1,-1"
_2viQ_Qnc6-76PJqtBpzwmOHbogHlzWG9RSSpe-Kr1s,Maika Kate Mish Linn,2013-08-31T08:59:35.957000,how did you know that people makes another account just for subscribing itself and liking      ,1,-1,"-1,-1,-1,-1,-1,-1"
_2viQ_Qnc69AVbPU2gXuoLiAOr6muFqsr7sm17CjhX4,Maika Kate Mish Linn,2013-08-31T08:56:12.507000,   i     ll subscribe to you  you look nice   ,1,1,"1,-1,-1,-1,-1,-1"
_2viQ_Qnc69WextJrbKBgZtDWQiRWlkxS317fouQMYc,Chris Boatsome,2013-08-30T22:41:51.117000,hey dickwad   we     re all africans  the colour of your skin just tells us something about how long ago your ancestors left africa    check out baba brinkman   he has a song called  quot i     m a african quot    go learn something ,1,-1,"-1,-1,-1,-1,-1,-1"
_2viQ_Qnc69hCwlRZTPP7JejZgoroMu8egbziE1hSAc,Mini Mus,2013-08-29T12:28:03.233000,wow muslims are really egoistic          of the world population and not in this video or donating   dollar to the poor ones in africa    shame on those terrorist muslims,1,-1,"-1,-1,-1,-1,-1,-1"
_2viQ_Qnc68cUterDmjc7m6MyHkz-ADLt28bgxo9TJE,RapStarz Coleman,2013-08-28T19:05:48.998000,wats good go check out my music on da channel ik yall got me,1,1,"-1,1,-1,-1,-1,-1"
_2viQ_Qnc6-jJD3XsdtbSW-9MCGB_Xp0nl2NhTBgdGo,RapStarz Coleman,2013-08-27T21:12:40.752000,i know y     all can check out amy music because yall got me go to da channel,1,1,"-1,1,-1,-1,-1,-1"
_2viQ_Qnc6-k-Ldaj1pejT7IsYIELp1Npwz5tQAkuX0,Northland Paranormal Society,2013-08-27T13:35:06.557000,northland paranormal society is now on youtube  check out our channel of real paranormal evidence   facebook  northland paranormal society   ,1,-1,"-1,-1,-1,-1,-1,-1"
_2viQ_Qnc6_m4670hGGDwGjYreYnRR8359YYmuS_lDA,Adam Whitney,2013-08-26T05:24:14.644000,hello everyone    i know most of you probably pass up these kind of comments  but for those who are still reading this  thanks  i dont have any money for advertisements  no chance of getting heard  nothing  i live in such a small town    if this comes off as spam  sorry  im an instrumental songwriter from columbus  mississippi  please go to my channel and check out my original music  it would be highly appreciated if you thumbs up this comment so my music can be heard  thank you  adam whitney ,1,1,"-1,1,-1,-1,-1,-1"
_2viQ_Qnc68kPR6lRkhBHXUX2dGt04-4RgzINpv8Yhk,Ando Nesia - | MC | Music Producer,2013-08-25T04:22:28.183000,so then how are you going to call yourself a instrumental songwriter if theres no singing theres no song to write      lol    you got alot to learn kid but hey don     t forget to subscribe ,1,1,"1,-1,-1,-1,-1,-1"
_2viQ_Qnc6-NqqHR40AwZGnQV7in6y6YrSbMW9wRZXM,Adam Whitney,2013-08-25T03:56:24.363000,hello everyone    i know most of you probably pass up these kind of comments  but for those who are still reading this  thanks  i dont have any money for advertisements  no chance of getting heard  nothing  i live in such a small town    if this comes off as spam  sorry  im an instrumental songwriter from columbus  mississippi  please go to my channel and check out my original music  it would be highly appreciated if you thumbs up this comment so my music can be heard  thank you  adam whitney ,1,1,"-1,1,-1,-1,-1,-1"
_2viQ_Qnc6-lW0XpQ5szMbbKcq0fuK2p4lDhPbQpGn0,CC FootballWorld,2013-08-24T12:41:23.384000,please go in and see our channel and subscribe      it would be nice mate ,1,1,"1,-1,-1,-1,-1,-1"
_2viQ_Qnc6-m9RqGULP5B8P1SH2WqvKu3TnN7rBk2CI,henry Richardson,2013-08-24T05:53:21.519000,wanna earn money online without investment     just visit this link      therglove blogspot in         blog post    html,1,-1,"-1,-1,-1,-1,-1,-1"
_2viQ_Qnc6_hoPuz8gsl9ZFXFZGPESkLzYU9REwL880,Adam Whitney,2013-08-24T03:05:10.278000,hello everyone    i know most of you probably pass up these kind of comments  but for those who are still reading this  thanks  i dont have any money for advertisements  no chance of getting heard  nothing  i live in such a small town    if this comes off as spam  sorry  im an instrumental songwriter from columbus  mississippi  please go to my channel and check out my original music  it would be highly appreciated if you thumbs up this comment so my music can be heard  thank you  adam whitney ,1,1,"-1,1,-1,-1,-1,-1"
_2viQ_Qnc6_yLBNpqStGB5UF3nD3razd5EYm60rdOKs,OriginalVines Best,2013-08-21T20:02:33.102000,check out the dubstep version,1,-1,"-1,-1,-1,-1,-1,-1"
_2viQ_Qnc68ohvE0UyLK_gdOAe__2iDVi8CqVB97qeA,How To Make Money On The Internet,2013-08-21T14:18:11.087000,i can to make money,1,-1,"-1,-1,-1,-1,-1,-1"
_2viQ_Qnc6_nI97BKqkdeX9pbSkcDCWrg5cDb74C7kk,Gotcha Laughs,2013-08-19T17:21:29.806000,wanna laugh    please subscribe to our channel   ,1,1,"1,-1,-1,-1,-1,-1"
_2viQ_Qnc6_fFzltk8kvomVzwfkCdIZApG5fa2-gZRw,Diaz Katherine,2013-08-17T21:11:39.761000,earn money for being online with   efforts     bit ly   gkvdo,1,-1,"-1,-1,-1,-1,-1,-1"
_2viQ_Qnc6_HD2WpfyqvoRqTXGoLMA_zfTPGbWKrYyw,Bernice Anne,2013-08-16T18:33:18.009000,could you please check out my covers on my channel  i do covers like adele  kodaline  imagine dragons   and more  please if you could spare a few minutes   could you have a listen to one or two of my covers   feel free to comment and subscribe    thank you  ,1,1,"1,1,-1,-1,1,-1"
_2viQ_Qnc68ked0J7OAfephXPfR-pvW7HiuIC5ZRduI,macgyver16,2013-08-16T14:07:09.668000,adf ly  kld y,1,0,"-1,-1,-1,0,-1,-1"
_2viQ_Qnc6-hMCH52bsWm38Ur7cdAPSdC3SmpC0-9YM,Fiddle Me Silly,2013-08-16T12:06:30.190000,check out  these irish guys cover  of avicii     s  wake me up   just search      quot wake me up fiddle me silly quot  worth a listen  for the gorgeous fiddle player ,1,-1,"-1,-1,-1,-1,-1,-1"
_2viQ_Qnc6-MfwtDpLuGhWQ2o-4TN6bmxidyzSzQuc0,DynamicDesignStudios,2013-08-15T22:17:46.329000,hello everyone    i know most of you probably pass up these kind of comments  but for those who are still reading this  thanks  i dont have any money for advertisements  no chance of getting heard  nothing    if this comes off as spam  sorry  i am a video animator  just trying to make it up into the video animation industry  please give me the chance to prove myself to you  please visit my channel  subscribe if you like and thumb this comment up  so everyone can see  thank you  ,1,1,"1,1,-1,-1,1,-1"
_2viQ_Qnc69datZTHIa2E_Ejo2gIk6WmZJJUiCSMLTw,DynamicDesignStudios,2013-08-15T19:58:19.748000,hello everyone    i know most of you probably pass up these kind of comments  but for those who are still reading this  thanks  i dont have any money for advertisements  no chance of getting heard  nothing    if this comes off as spam  sorry  i am a video animator  just trying to make it up into the video animation industry  please give me the chance to prove myself to you  please visit my channel  subscribe if you like and thumb this comment up  so everyone can see  thank you  ,1,1,"1,1,-1,-1,1,-1"
_2viQ_Qnc6_Zg0GECxJ4iGuOCFBrzjOBZguGqOhU5ms,DJ ROY,2013-08-14T21:07:42.306000,hey youtubers    i really appreciate all of you who took the time  to read this  i am just a    year old boy who wants to be a successful musician in the music world  i dont have any money to advertise my channel  if you could just visit my channel  comment on my video or subscribe  that would be great     it will only be few seconds of your life      thank u to all the people who just gave me a chance l really appreciate it  ,1,1,"1,1,-1,-1,1,-1"
_2viQ_Qnc69swE48B0wgwJijgdZ2KbSVUK5TSpqoYDg,Mazacar Cfc,2013-08-13T20:01:56.702000,subscribe to my pagee please ,1,1,"1,1,-1,-1,1,-1"
_2viQ_Qnc69TuQDH0yVDsXPiyJCNNBrDiYhDY66Xu8g,Stanša Matej,2013-08-13T19:18:54.893000,please subscribe to my page  thanks ,1,1,"1,1,-1,-1,1,-1"
_2viQ_Qnc6870xv47G-__kc0IimrvnGFcLXaLnJsiFE,Edward Wright,2013-08-11T05:23:08.533000,hey  hit this shit up while yall can  they killed the versace remix  just type in cge  quot versace freestyle  get money  quot  shot by ja wan gardner and help them reach   million views ,1,-1,"-1,-1,-1,-1,-1,-1"
_2viQ_Qnc6-qc6sKOH4U0o8eIL4tVjojc-DyDYkkvWk,Comedy Recipe,2013-08-11T03:40:42.801000,hey guys and girls check out comedy recipe for hilarious you tube videos  pranks  and crank calls ,1,-1,"-1,-1,-1,-1,-1,-1"
_2viQ_Qnc6978LweIjWZsjP3qK1bgFSYyumKWxPsq_I,Titan,2013-08-08T21:16:25.626000,subscribe me  i will  subscribe you back   ,1,1,"1,-1,-1,-1,-1,-1"
_2viQ_Qnc6812QtCcbHa3ZgmjznXhr0Ar324LJpkSHE,Titan,2013-08-08T21:15:36.040000,subscribe me  i will  subscribe you back   ,1,1,"1,-1,-1,-1,-1,-1"
_2viQ_Qnc6_QPhRwA4ZFbviXqXHvKyKJb7UivUZFUH0,TheEpicMixx':)x,2013-08-08T14:54:45.831000,please   check my channel out   i subscribe back    ,1,1,"1,1,-1,-1,1,-1"
_2viQ_Qnc69bp77hGJ6em0Gm1Fg_TLmNoUuS_ydlofg,TheEpicMixx':)x,2013-08-08T13:34:40.655000,i really ask nicely to view my vids   i subscribe back  ,1,1,"1,1,-1,-1,1,-1"
_2viQ_Qnc6_Hcona9vbTbZqnb5SyyHKi7PxVC-KkfTY,ricky swaggz,2013-08-07T23:40:12.225000,        facebook is lame and so       check out              swagfriends com make thousands of cool new friends everyday  join this new movement ,1,-1,"-1,-1,-1,-1,-1,-1"
_2viQ_Qnc69r15LuL8TDbisnTJ_hf5RfcyJAyoMC5eo,Hidden Love,2013-08-06T11:40:05.581000,hi  check out and share our songs ,1,-1,"-1,-1,-1,-1,-1,-1"
_2viQ_Qnc6-h3o48aXYmI_xInBcH9saCmEK627IQm68,Tim Marrotte,2013-08-05T12:25:21.682000,check out partyman    fr good tunez    d,1,-1,"-1,-1,-1,-1,-1,-1"
_2viQ_Qnc6-LyNEXRld9VERRpRICrMPNxpnGjL8ZsF4,DJ ROY,2013-08-02T21:02:09.931000,hey youtubers    i really appreciate all of you who took the time  to read this  i am just a    year old boy who wants to be a successful musician in the music world  i dont have any money to advertise my channel  if you could just visit my channel  comment on my video or subscribe  that would be great     it will only be few seconds of your life      thank u to all the people who just gave me a chance l really appreciate it  ,1,1,"1,1,-1,-1,1,-1"
_2viQ_Qnc69zyetF6GsHRzYGyXl4u5kg0Sm-nP-pupI,Shadrach Grentz,2013-08-02T03:15:46.914000,hey music fans i really appreciate any of you who will take the time to read this  and check my music out  i     m just a    year old boy dreaming of being a successful musician in the music world  i do lots of covers  and piano covers  but i don     t have money to advertise  a simple thumbs up to my comment  a comment on my videos or a subscription would be a step forward  it will only be a few seconds of your life that you won     t regret    thank u to all the people who just give me a chance    ,1,1,"-1,1,-1,-1,-1,-1"
_2viQ_Qnc699u36gNm3NRoq1quIaJWRNrftGEEZM3J4,Shadrach Grentz,2013-08-01T21:43:52.122000,hey music fans i really appreciate any of you who will take the time to read this  and check my music out  i     m just a    year old boy dreaming of being a successful musician in the music world  i do lots of covers  and piano covers  but i don     t have money to advertise  a simple thumbs up to my comment  a comment on my videos or a subscription would be a step forward  it will only be a few seconds of your life that you won     t regret    thank u to all the people who just give me a chance     ,1,1,"-1,1,-1,-1,-1,-1"
_2viQ_Qnc68LqKGb40V2ImKQYcp1ZqpHrCCMFqMCcA4,Shadrach Grentz,2013-08-01T20:39:15.325000,hey music fans i really appreciate any of you who will take the time to read this  and check my music out  i     m just a    year old boy dreaming of being a successful musician in the music world  i do lots of covers  and piano covers  but i don     t have money to advertise  a simple thumbs up to my comment  a comment on my videos or a subscription would be a step forward  it will only be a few seconds of your life that you won     t regret    thank u to all the people who just give me a chance     ,1,1,"-1,1,-1,-1,-1,-1"
_2viQ_Qnc68Qq98m0mmx4rlprYiD6aYgMb2x3bdupEM,Hidden Love,2013-08-01T09:19:56.654000,hi  check out and share our songs ,1,-1,"-1,-1,-1,-1,-1,-1"
_2viQ_Qnc698fLCQzZmRt1CqPhf0L6mchwWG5gsUlzk,Hidden Love,2013-07-31T10:22:02.628000,hi  check out and share our songs ,1,-1,"-1,-1,-1,-1,-1,-1"
_2viQ_Qnc68sxLpsBQ1cPk_LLH91SMsRav51KmhIoQw,Hidden Love,2013-07-30T11:22:57.091000,hi check out and share our songs ,1,-1,"-1,-1,-1,-1,-1,-1"
_2viQ_Qnc69Nq0Ytk1jCpzWPCrpGEk6T7cdVAxfSlAk,Shadrach Grentz,2013-07-29T17:39:24.876000,hey music fans i really appreciate any of you who will take the time to read this  and check my music out  i     m just a    year old boy dreaming of being a successful musician in the music world  i do lots of covers  and piano covers  but i don     t have money to advertise  a simple thumbs up to my comment  a comment on my videos or a subscription would be a step forward  it will only be a few seconds of your life that you won     t regret    thank u to all the people who just give me a chance     ,1,1,"-1,1,-1,-1,-1,-1"
_2viQ_Qnc68wE6_oU558uTupID2DHHu6smRW0Yr5mVs,Anthony Lam,2013-07-29T08:59:24.455000,hey  i am doing the forty hour famine so i     ll be giving up on food and social working for    hours  i     m doing this to raise money for african people who can     t experience the luxuries that we can  so can you donate to give them a chance   any amount would do     click on the link and donate h t t p           h f   c o m   a u   a n t h o n y l a m thanks   ,1,-1,"-1,-1,-1,-1,-1,-1"
_2viQ_Qnc685qxAXpoMI-8aTnd7plcAbmTrvD_G2Czw,meg fluttershy,2013-07-25T20:47:41.071000,love itt and ppl check out my channel   ,1,1,"-1,1,-1,-1,-1,-1"
_2viQ_Qnc6-F0FnQlt7edQt9rRqV7Clx74E8hyKAVt0,BDOG1040,2013-07-25T05:45:57.646000,subscribe my channel,1,1,"1,1,-1,0,1,-1"
_2viQ_Qnc6-Lev7nxVg9RnkxHYNAykFf9lV9qiEIFJY,macgyver16,2013-07-24T14:07:32.431000,adf ly   kld y,1,0,"-1,-1,-1,0,-1,-1"
_2viQ_Qnc6_sGHV0-pAXNa1RF9Xja5vmr53ULlzlG3g,macgyver16,2013-07-23T17:00:14.596000,adf ly   kld y,1,0,"-1,-1,-1,0,-1,-1"
_2viQ_Qnc6-1oZCLsUWjl3-g4QrWxMQXsSTs2Hy4MGI,damion taylor,2013-07-21T20:20:34.118000,check out my new video,1,1,"-1,1,-1,-1,-1,-1"
_2viQ_Qnc6_YN7xFNAg14zX99Y614Salf57yOcrBRSw,Shadrach Grentz,2013-07-21T12:21:37.898000,hey music fans i really appreciate all of you who take time to read this  and check my music out  i     m just a    year old boy dreaming of being a successful musician in the music world  i do lots of covers  and piano covers  but i dont have money to advertise  a simple thumbs up to my comment  a comment on my videos or a subscription would be a step forward  it will only be a few seconds of your life that u won     t regret    thank u to all the people who just give me a chance it means a lot    ,1,1,"-1,1,-1,-1,-1,-1"
_2viQ_Qnc6_fyjM2m-ismUToowpNFauwtldKlfjbtIk,Joshua Kasey,2013-07-21T08:26:18.155000,hello everyone  it is not my intention to spam and am truly sorry if anyone is annoyed by this but just please hear me out   i am a rapper  singer  music producer and a song writer and have been making music for a while now  eight years to be exact   i enjoy making all types of music that anyone can listen to  doesn     t have me talking about killing anyone and most importantly  focuses on the quality of the music   please check out my page  it     s only a click away   thank you and have a nice day   ,1,1,"-1,1,-1,-1,-1,-1"
_2viQ_Qnc6_AXZ4E5CeA3LHE36RAijd3QKgUI-YvjWI,ricky swaggz,2013-07-20T22:09:23.728000,        facebook is lame and so       check out              swagfriends com make thousands of cool new friends everyday  join this new movement ,1,-1,"-1,-1,-1,-1,-1,-1"
_2viQ_Qnc68ki9xsFeN2y1_ZiHYcZC8Qv1GyHfwqr7Y,steven reed,2013-07-19T22:12:16.609000,please check out and send to others freedom and justice are on the line   please google    steven l  reed case lands in supreme court   thanks ,1,-1,"-1,-1,-1,-1,-1,-1"
_2viQ_Qnc69mci30y5muwQXNMaeCmIvZ4ca8l_4zPmA,Johnny Rei Vlog,2013-07-19T11:41:54.923000,nice to meet you   this is johnny     if you already know my music   thumb this up  because you found it this way  too     if you want to hear original songs completely made by   person  continue reading   i sing  write original music lyrics  amp  play guitar  bass  drums  amp  keyboards  i     m a   man band  my music is completely independent  amp       listener supported  if you want to hear it  amp  if you     re willing to help record new album   click on my name picture   enjoy the music   wish you awesome day ,1,1,"-1,1,-1,-1,-1,-1"
_2viQ_Qnc68cxHfQzecR1L9f-hbLNIJ7VxpCZtctPMk,yakikukamo FIRELOVER,2013-07-18T17:07:06.152000,hey you   check out the channel of alvar lake   ,1,-1,"-1,-1,-1,-1,-1,-1"
_2viQ_Qnc6-G71VMp3dR76dfQTcrRHpiNXJh2jm8V_M,Johnny Rei Vlog,2013-07-18T16:50:26.909000,hi  this is johnny     if you already know my music   thumb this up  because you found it this way  too     if you want to hear original songs completely made by   person  continue reading   i sing  write original music lyrics  amp  play guitar  bass  drums  amp  keyboards  i     m a   man band  my music is completely independent  amp       listener supported  if you want to hear it  amp  if you     re willing to help record new album   click on my name picture   thank you  amp  enjoy the music   wish you awesome day ,1,1,"-1,1,-1,-1,-1,-1"
_2viQ_Qnc6-3Nk200KmVtS-kiCS_1CjKJsMIbXakyfI,hsn moghrbi,2013-07-17T21:14:40.168000,wow,0,0,"-1,-1,-1,0,-1,-1"
_2viQ_Qnc6-UzHByAP8y3BxG633jelEC_fxtFRUvLSA,Zuzanna Sztandera,2013-07-17T20:41:00.612000,love this song   ,0,0,"-1,-1,-1,0,-1,-1"
_2viQ_Qnc68LpP5gDCaWQuiywObesTUlRgSQExMVMac,Chelsea Fischer,2013-07-17T20:34:59.389000,love this song       ,0,0,"-1,-1,-1,0,-1,-1"
z12xc3ly4x3uttmci22xff24nqqxwb0je04,Lisa Matthews,2013-07-17T13:56:03.233000,check out this video on youtube  br    quot this time for africa quot   one for trayvon   and our motherland br   thank you shakira,1,0,"-1,-1,0,-1,-1,-1"
_2viQ_Qnc6-PfOjDtTwbTalW_5TRtvBKMcHZdDrcI2o,laura elliott,2013-07-16T05:48:01.795000,i watched this because of the large amount of views and now i am convinced it is because that girl is so hot,0,-1,"-1,-1,-1,-1,-1,-1"
_2viQ_Qnc69GH3FQl348HonbRxpbmtsR5CUei0zkJog,Riley Rollins,2013-07-16T00:30:46.660000,o peoples of the earth  i have seen how you perform every form of evil at your leisure  you cease not from reveling in that which i hate  behold  you murder the innocent day and night and plot evil against your neighbor  you stand up for the rights of those who commit abomination and clap your hands as wickedness is celebrated openly in the streets     o most perverse and abominable generation  shall i not repay    hear the word of the lord   trumpetcallofgodonline   co m,1,-1,"-1,-1,-1,-1,-1,-1"
_2viQ_Qnc69S12dQyWLf0QBgUD29OMTe71geFOn4PJA,Oona Sarlotta,2013-07-15T16:08:50.204000,this song always gives me chills    ,0,-1,"-1,-1,-1,-1,-1,-1"
_2viQ_Qnc69Ic8yEMHsemUQiq01-kwwqnbDowMO9kdM,lynchee360,2013-07-14T22:38:26.779000,i love dis song    ,0,0,"-1,-1,-1,0,-1,-1"
_2viQ_Qnc6-qHJ_u9Yv84vj4yOAPLUL3ZibCc7b-vBI,FAHAD KHAN,2013-07-14T22:06:57.712000,i will never forget this song in my life like this comment of your hearing this song for like a year     ,1,1,"-1,1,-1,-1,-1,-1"
_2viQ_Qnc6_HU65mTzCmXnjA-WLt7XqxqPj7EwAtlO0,ricky swaggz,2013-07-14T20:40:00.331000,        omg facebook is old  check out                    gt  swagfriends com make thousands of cool new friends everyday  join the movement ,1,-1,"-1,-1,-1,-1,-1,-1"
_2viQ_Qnc6-jk58CPwBnqfbM6oByJH5oPvCtKecLQyo,Shadrach Grentz,2013-07-14T03:11:20.243000,hey music fans i really appreciate all of you who take time to read this  and check my music out  i     m just a    year old boy dreaming of being a successful musician in the music world  i do lots of covers  and piano covers  but i dont have money to advertise  a simple thumbs up to my comment  a comment on my videos or a subscription would be a step forward  it will only be a few seconds of your life that u won     t regret    thank u to all the people who just give me a chance it means a lot    ,1,1,"-1,1,-1,-1,-1,-1"
_2viQ_Qnc6_fgKR1W7-k1lbVURi8hVbMlQAMSOCSnyk,ThirdDegr3e,2013-07-13T20:48:22.967000,  check out my new mixtape       check out my new mixtape       check out my new mixtape       check out my new mixtape      check out my new mixtape       check out my new mixtape       check out my new mixtape       check out my new mixtape      check out my new mixtape       check out my new mixtape       check out my new mixtape       check out my new mixtape      check out my new mixtape       check out my new mixtape       check out my new mixtape       check out my new mixtape    ,1,1,"-1,1,-1,-1,-1,-1"
_2viQ_Qnc69MEEHHJxZ427KX8MlljJPnUC2YBbvbWwY,ThirdDegr3e,2013-07-13T20:48:06.033000,  check out my new mixtape       check out my new mixtape       check out my new mixtape       check out my new mixtape      check out my new mixtape       check out my new mixtape       check out my new mixtape       check out my new mixtape      check out my new mixtape       check out my new mixtape       check out my new mixtape       check out my new mixtape      check out my new mixtape       check out my new mixtape       check out my new mixtape       check out my new mixtape    ,1,1,"-1,1,-1,-1,-1,-1"
_2viQ_Qnc6_RKHVetk9kLzx8ZC62_J7y73FWFSBTe8Q,ThirdDegr3e,2013-07-13T20:47:40.793000,  check out my new mixtape       check out my new mixtape       check out my new mixtape       check out my new mixtape      check out my new mixtape       check out my new mixtape       check out my new mixtape       check out my new mixtape      check out my new mixtape       check out my new mixtape       check out my new mixtape       check out my new mixtape      check out my new mixtape       check out my new mixtape       check out my new mixtape       check out my new mixtape    ,1,1,"-1,1,-1,-1,-1,-1"
_2viQ_Qnc68TufyXKiTwky80ewSPbhRiD5XFHrJH9lg,Ysobel Schofield,2013-07-13T20:17:25.181000,waka waka she rules,0,0,"-1,-1,-1,0,-1,-1"
_2viQ_Qnc689m-WiwOwvrQU7LvkLAgspnfXL8ovE0ME,TheHotChocolate,2013-07-13T18:26:37.017000,she is sooooo beautiful ,0,0,"-1,-1,-1,0,-1,-1"
_2viQ_Qnc6_1Hq9MGlefkBIszt9rYD3S_CozADvMhQ4,Dinova Sharon,2013-07-13T14:44:00.700000,well done shakira,0,0,"-1,-1,0,0,-1,0"
_2viQ_Qnc6-bMSjqyL1NKj57ROicCSJV5SwTrw-RFFA,Katie Mettam,2013-07-13T13:27:39.441000,i love this song because we sing it at camp all the time  ,0,-1,"-1,-1,-1,-1,-1,-1"
_2viQ_Qnc6-pY-1yR6K2FhmC5i48-WuNx5CumlHLDAI,Sabina Pearson-Smith,2013-07-13T13:14:30.021000,i love this song for two reasons    it is about africa   i was born in beautiful south africa,0,-1,"-1,-1,-1,-1,-1,-1"
_2viQ_Qnc6_k_n_Bse9zVhJP8tJReZpo8uM2uZfnzDs,jeffrey jules,2013-07-13T12:09:31.188000,wow,0,0,"-1,-1,-1,0,-1,-1"
_2viQ_Qnc6_yBt8UGMWyg3vh0PulTqcqyQtdE7d4Fl0,Aishlin Maciel,2013-07-13T11:17:52.308000,shakira u are so wiredo,0,0,"-1,-1,0,-1,-1,-1"
_2viQ_Qnc685RPw1aSa1tfrIuHXRvAQ2rPT9R06KTqA,Latin Bosch,2013-07-12T22:33:27.916000,shakira is the best dancer,0,0,"-1,-1,0,-1,-1,-1"
z12gddhblwz3cf3wc04cgvjajvulwxvb5lw0k,Dr.geetanjali sharma,2015-05-27T09:14:14.641000,shakira subscribe,1,0,"1,-1,0,0,-1,0"
