comment_id,author,date,old_text,expected_label,cid,text,model_pred,vectors
LZQPQhLyRh_C2cTtd9MvFRJedxydaVW-2sNg5Diuo4A,adam riyati,2013-11-07T12:37:15,"Hey guys check out my new channel and our first vid THIS IS US THE  MONKEYS!!! I'm the monkey in the white shirt,please leave a like comment  and please subscribe!!!!",1,2,hey guys check out my new channel and our first vid this is us the  monkeys    i m the monkey in the white shirt please leave a like comment  and please subscribe    ,1,"-1,-1,1"
z13lfzdo5vmdi1cm123te5uz2mqig1brz04,ferleck ferles,2013-11-27T21:39:24,Subscribe to my channel Ôªø,1,7,subscribe to my channel ,1,"-1,-1,1"
z13auhww3oufjn1qo04ci3grqqjmfjexxuo0k,Huckyduck,2013-11-28T17:06:17,Hey subscribe to meÔªø,1,11,hey subscribe to me,1,"-1,-1,1"
z13xit5agm2zyh4f523rst2gowmbx5bml,Lone Twistt,2013-11-28T17:34:55, Once you have started reading do not stop. If you do not subscribe to me  within one day you and you're entire family will die so if you want to stay  alive subscribe right now.Ôªø,1,12, once you have started reading do not stop  if you do not subscribe to me  within one day you and you re entire family will die so if you want to stay  alive subscribe right now ,1,"-1,-1,1"
z121zxaxsq25z5k5o04ch1o5jqqfij3gtm40k,TheUploadaddict,2013-11-28T18:12:12,subscribe like commentÔªø,1,14,subscribe like comment,1,"-1,-1,1"
z13phrmwrkfisn5er22eyrbpbvaiwfvwf04,Gaming and Stuff PRO,2013-11-28T21:14:13,"Hello! Do you like gaming, art videos, scientific experiments, tutorials,  lyrics videos, and much, much more of that? If you do please check out our  channel and subscribe to it, we've just started, but soon we hope we will  be able to cover all of our expectations... You can also check out what  we've got so far!Ôªø",1,16,hello  do you like gaming  art videos  scientific experiments  tutorials   lyrics videos  and much  much more of that  if you do please check out our  channel and subscribe to it  we ve just started  but soon we hope we will  be able to cover all of our expectations    you can also check out what  we ve got so far ,1,"-1,-1,1"
z13bgdvyluihfv11i22rgxwhuvabzz1os04,Zielimeek21,2013-11-28T21:49:00,I'm only checking the viewsÔªø,0,17,i m only checking the views,0,"-1,1,-1"
z13ozdmr4lf3uzc5z04cix2zkyjzgvcyemw0k,Carlos Thegamer,2013-12-01T01:20:21,subscribe to my channel people :DÔªø,1,22,subscribe to my channel people  d,1,"-1,-1,1"
z12ntlcqht2bvjewi04cf1up0xjvs5lq3mc0k,Owen Lai,2013-12-01T04:51:52,just checking the viewsÔªø,0,24,just checking the views,0,"-1,1,-1"
z13zvh1rmk3cf3mby04civbq5mjtddmbysk0k,Fun&amp;Hacks,2014-01-19T00:42:35,"Subscribe to me for free Android games, apps.. Ôªø",1,30,subscribe to me for free android games  apps   ,1,"-1,-1,1"
z13zj1grjzqhhxzlj23gdpzaovunwnn0f,HamzaMurt | Advanced Warefare | Lets Play!,2014-01-19T17:20:58,SUB 4 SUB PLEASE LIKE THIS COMMENT I WANT A SUCCESFULL YOUTUBE SO PPLEASE LIKE THIS  COMMENT AND SUBSCRIBE IT ONLY TAKES 10 SECONDS PLEASE IF YOU SUBSCRIBE ILL  SUBSCRIBE BACK THANKSÔªø,1,38,sub   sub please like this comment i want a succesfull youtube so pplease like this  comment and subscribe it only takes    seconds please if you subscribe ill  subscribe back thanks,1,"-1,-1,1"
z13phfyxhovav1hl122bf5iidumufzbel,Cody Tolleson,2014-01-20T02:50:44,YouTube/codytolleson for awesome videos I'll subscribe back Ôªø,1,41,youtube codytolleson for awesome videos i ll subscribe back ,1,"-1,-1,1"
z13vsbcjwrybe3hsf23sgvnxfr3zxnion04,World327RS,2014-01-20T06:16:28,SUBSCRIBE TO ME AND I'LL SUBSCRIBE TO YOU! (Must like - cZFcxsn0jnQ) Ôªø,1,43,subscribe to me and i ll subscribe to you   must like   czfcxsn jnq  ,1,"-1,-1,1"
z12ktfsarrv0wdj3p22ifbxz3zn2fthhw04,Dave X,2014-01-20T10:12:07,....subscribe......  ......to my........  .....channel.......Ôªø,1,46,    subscribe              to my               channel       ,1,"-1,-1,1"
z13uzhdomzvbffvwa04cgplq2zewfz2hm2k,Kirsty Brown,2014-01-20T16:41:27,Plz subscribe to my channel and I will subscribe back xxÔªø,1,51,plz subscribe to my channel and i will subscribe back xx,1,"-1,-1,1"
z120grixiomvyvbga04cfl24csz5jf4zzuc0k,eSkiip,2014-01-20T17:22:53,This video will get to 2 billion just because of people checking if it has  hit 2 billion yet.Ôªø,0,53,this video will get to   billion just because of people checking if it has  hit   billion yet ,0,"-1,1,-1"
z13eepr4dyjet34pt04cgr1rctvwsvqwqso0k,JP Jochem,2014-01-20T20:23:35,Subscribe and like to me for more how to videos on minecraft!Ôªø,1,58,subscribe and like to me for more how to videos on minecraft ,1,"-1,-1,1"
z12eexphzo2uslizg04cirmywyzjdnm5gqc0k,fab life,2014-11-02T00:48:57,plz check out fablife / welcome to fablife for diys and challenges so plz  subscribe thx!Ôªø,1,72,plz check out fablife   welcome to fablife for diys and challenges so plz  subscribe thx ,1,"-1,-1,1"
z12tcdxa5k3bsvtqh04ccnaqusj1vvfju3s,Salim Tayara,2014-11-02T14:33:30,"if your like drones, plz subscribe to Kamal Tayara. He takes videos with  his drone that are absolutely beautiful.Ôªø",1,76,if your like drones  plz subscribe to kamal tayara  he takes videos with  his drone that are absolutely beautiful ,1,"-1,-1,1"
z123e1gg3zyuf30ox04cdtbzgmaby3ehjc0,Lucas Trigo,2014-11-02T15:52:22,"WHATS UP EVERYONE!? :-) I Trying To Showcase My Talent To The World! I Have Over 3000 SUBSCRIBERS! I PROMISE! I Dont Suck! Please Spread My Covers Around, SUBSCRIBE &amp; Share! Thanks so much for all your support! Lucas Trigo -Stay Awesome! Ôªø",1,78,whats up everyone       i trying to showcase my talent to the world  i have over      subscribers  i promise  i dont suck  please spread my covers around  subscribe  amp  share  thanks so much for all your support  lucas trigo  stay awesome  ,1,"-1,-1,1"
z12zdj5ptyzpurkan04chtsqjszjxfmrk2w,Gloria Garcia,2014-11-04T11:38:51,subscribe to itz recaps and above diddleÔªø,1,103,subscribe to itz recaps and above diddle,1,"-1,-1,1"
z13qgx0yzwf1uj1xm04ccbkhjnrsgz0i41g,firo mota,2014-11-04T14:38:42,please subscribe i am a new youtuber and need help please subscribe and i  will subscribe back :D hoppa HOPPA GaNgAm StYlEÔªø,1,107,please subscribe i am a new youtuber and need help please subscribe and i  will subscribe back  d hoppa hoppa gangam style,1,"-1,-1,1"
z123jlf4lzjbgpbcr23yhxyqbpe3gxpvm,TIGERIO_,2014-11-04T19:46:38,EHI GUYS CAN YOU SUBSCRIBE IN MY CHANNEL? I AM A NEW YOUTUBER AND I PLAY  MINECRAFT THANKS GUYS!... SUBSCRIBE!Ôªø,1,111,ehi guys can you subscribe in my channel  i am a new youtuber and i play  minecraft thanks guys     subscribe ,1,"-1,-1,1"
z13kfzqicymszt0jp04ci5gqvqemyb2jsp00k,OFFICIAL LEXIS,2014-11-04T20:22:21,Hi everyone! Do you like music? Then why not check out my music channel.  The LEXIS band will be uploading their own songs and covers soon so don't  miss out. Please SUBSCRIBE too as it does help us out a lot. Just takes one  click. -&gt;Ôªø,1,112,hi everyone  do you like music  then why not check out my music channel   the lexis band will be uploading their own songs and covers soon so don t  miss out  please subscribe too as it does help us out a lot  just takes one  click    gt ,1,"-1,-1,1"
z12jc1uququpzbsoq04cg15poyfsxpvoojw,pro stomper,2014-11-05T15:27:34,guys please subscribe me to help my channel grow please guysÔªø,1,125,guys please subscribe me to help my channel grow please guys,1,"-1,-1,1"
z12ox3a5vviky5ctq22nz1ewpo24wxyis04,JackTheLad,2014-11-06T19:00:11,Subscribe to me and I'll subscribe back!!!Ôªø,1,171,subscribe to me and i ll subscribe back   ,1,"-1,-1,1"
z13chfswltzzyhys1234dvkb3r2ien0ld,DirtySouthFlorida3,2014-11-06T22:00:58,Subscribe to me i subscribe back!!!! Plus i have a nice ass lolÔªø,1,175,subscribe to me i subscribe back     plus i have a nice ass lol,1,"-1,-1,1"
z12yu11xyumitzpho04cix1y3zn3ijrpcm40k,Chinsoman Films,2014-11-07T01:22:02,Please subscribe to meÔªø,1,180,please subscribe to me,1,"-1,-1,1"
z13mc51qfqeozdpun23kgri5kzjnjpitj,Callum Barr,2014-11-07T13:49:41,Subscribe to me plz plz plz plz plz plZ Ôªø,1,200,subscribe to me plz plz plz plz plz plz ,1,"-1,-1,1"
z13ccrthzkqdhl0ia04cjvobvtmafbd53ow0k,Pro Video,2014-11-07T17:53:51,subscribe to me :) Ôªø,1,212,subscribe to me    ,1,"-1,-1,1"
z134d5hbckywylmj404cgnlo3kysfhsjoeg,Kemal Kurtoglu,2014-11-07T19:33:46,"Im a RAPPER/SONGWRITER, check my video PLEASE..also subscribe for more  thanks :) tell me what you think.Ôªø",1,221,im a rapper songwriter  check my video please  also subscribe for more  thanks    tell me what you think ,1,"-1,-1,1"
z13awjrbcpyhinimp23nwztqlrucvdio404,The Bibliophile Flautist,2014-11-08T03:49:38,"Hey everyone, I am a new channel and will post videos of book reviews and  music on the flute. Please subscribe if you would enjoy that. Thanks!Ôªø",1,260,hey everyone  i am a new channel and will post videos of book reviews and  music on the flute  please subscribe if you would enjoy that  thanks ,1,"-1,-1,1"
z13shj4wpmflidcxc04ce5f4vlqdyzjowso0k,Tornike Noniashvili,2014-11-08T04:08:09,subscribe my chanelÔªø,1,262,subscribe my chanel,1,"-1,-1,1"
z12ruft4aq3thhpbl04cdxrzjvmohjyqhs00k,DylsFS,2014-11-08T10:40:00,Hi guys my name is Dylan and I do IRL football videos I have 1030  subscribers and I think you guys would like my content so come check it out  and if you do subscribe!Ôªø,1,293,hi guys my name is dylan and i do irl football videos i have       subscribers and i think you guys would like my content so come check it out  and if you do subscribe ,1,"-1,-1,1"
z12ig3jrnlfvsthaa04chjkrply5zligbdg,Aaa Aaa,2014-11-12T05:46:27,PLEASE SUBSCRIBE ME!!!!!!!!!!!!!!!!!!!!!!!!!!!!!!!!!!!!!!!!!!!!!!!!!!!!Ôªø,1,317,please subscribe me                                                    ,1,"-1,-1,1"
z124tligikzvt3kch22kx5daswzwdrjxp04,Young IncoVEVO,2014-11-12T07:14:46,Check out my Music Videos! and PLEASE SUBSCRIBE!!!! Fuego - U LA LA Remix  hyperurl.co/k6a5xtÔªø,1,320,check out my music videos  and please subscribe     fuego   u la la remix  hyperurl co k a xt,1,"-1,-1,1"
z13supiartrcdr4la22xc3aripu2x1z3a,Ink Video Shorts,2014-11-13T02:33:53,Hey come check us out were new on youtube let us know what you think and  don't forget to subscribe thanks.Ôªø,1,333,hey come check us out were new on youtube let us know what you think and  don t forget to subscribe thanks ,1,"-1,-1,1"
z12gcx5hzkayhbmve23ghd3plt2czf2rp04,ArioseRose,2014-11-13T15:20:31,"Don't mind me, I'm just checking what the views are up to : )Ôªø",0,338,don t mind me  i m just checking what the views are up to    ,0,"-1,1,-1"
z130zd5b3titudkoe04ccbeohojxuzppvbg,BlueYetiPlayz -Call Of Duty and More,2015-05-23T13:04:32,subscribe to me for call of duty vids and give aways Goal-100 subsÔªø,1,351,subscribe to me for call of duty vids and give aways goal     subs,1,"-1,-1,1"
z13xizvwrki2hf2ev22txvrp2ovcyf3zq04,Jayki L,2014-08-03T21:20:41,"Subscribe pleaaaase to my instagram account , i'll subscribe back ‚ô•  http://instagram.com/cyrine_ghorbelÔªø",1,360,subscribe pleaaaase to my instagram account   i ll subscribe back   http   instagram com cyrine ghorbel,1,"-1,-1,1"
z13ijjrgqqyqzfo2t23zfztbtlu4ghg5o04,Lil Misme,2014-08-09T03:01:25,Hey Guys this is Glamour Beauty! I just started my youtube channel please  go check it out! I'm going to post singing videos and also random videos  that I fell like! Please go to subscribe! More to come soon!. Remember to  subscribe!Ôªø,1,364,hey guys this is glamour beauty  i just started my youtube channel please  go check it out  i m going to post singing videos and also random videos  that i fell like  please go to subscribe  more to come soon   remember to  subscribe ,1,"-1,-1,1"
z122xxgxipvdzpovt22xjlyi5o3pebufp,Emilie,2014-08-09T20:12:26,Hey guys! My mom said if i got 100 subs before christmas I'll get a kitten  and I always have wanted an kitten so please watch my videos and if you  like it subscribe or like :) Please no mean commentsÔªø,1,365,hey guys  my mom said if i got     subs before christmas i ll get a kitten  and i always have wanted an kitten so please watch my videos and if you  like it subscribe or like    please no mean comments,1,"-1,-1,1"
z13vendrur3zxdgkd22azzlzftn1vj3pp04,Evin Alshamas,2014-08-12T05:20:24,Subscribe me pleaseÔªø,1,369,subscribe me please,1,"-1,-1,1"
z130s5kb0v3yjj3fp23zexx5iyuvv1js5,maddog1431,2014-08-12T18:38:42,Check out my covers I have a video coming out  please subscribeÔªø,1,370,check out my covers i have a video coming out  please subscribe,1,"-1,-1,1"
z123std54m2ozht10232efr5svb4vh0au04,MB LOVE,2014-08-13T03:04:34,Subscribe to My CHANNELÔªø,1,371,subscribe to my channel,1,"-1,-1,1"
z12ddjvqypyusrssu22ewddagoagu1k2v,WeMuckAround,2014-08-16T20:59:28,katy perry will u sit on my face please. it would be really awesome and  i'll give you 5 dollars. ok if you want to do this then please call me and  subscribe to my channel first ok thats good and then u sit on my face and  ill get an erection then you sit more k?Ôªø,1,374,katy perry will u sit on my face please  it would be really awesome and  i ll give you   dollars  ok if you want to do this then please call me and  subscribe to my channel first ok thats good and then u sit on my face and  ill get an erection then you sit more k ,1,"-1,-1,1"
z13zxxtwurq5cxuiz04cc5xapsypshtipdo,Elle xox,2014-08-20T02:55:54,Hiyaüòä I just started YouTube and it would mean a lot if some of you could  subscribe and watch my first video?xxÔªø,1,379,hiya i just started youtube and it would mean a lot if some of you could  subscribe and watch my first video xx,1,"-1,-1,1"
z13nuzezjmfpcjqzm04cftuaxpb3gjmxevw0k,MarianMusicChannel,2014-08-24T03:57:52,"Hello! I'm Marian, I'm a singer from Venezuela! I was part of a boy-girl band named cubik, and I'm now singing on my own  'cause I wanted to play my own pop and pop-rock songs.  It would mean a lot if you could have a look at my channel to check my  music and watch my new video!! and if u like, subscribe to it! XOXO THANKS!!  PS: if you like a lot my channel, you can share it with your friends!!  Haha!! LOL MARIANÔªø",1,387,hello  i m marian  i m a singer from venezuela  i was part of a boy girl band named cubik  and i m now singing on my own   cause i wanted to play my own pop and pop rock songs   it would mean a lot if you could have a look at my channel to check my  music and watch my new video   and if u like  subscribe to it  xoxo thanks    ps  if you like a lot my channel  you can share it with your friends    haha   lol marian,1,"-1,-1,1"
z13lhdo5vnyndj3p304cjjs4zze3sldrqbg,Mai Nguy·ªÖn,2014-08-28T03:53:35,"help me click on the subscribe Mai Nguyen, thank youÔªø",1,393,help me click on the subscribe mai nguyen  thank you,1,"-1,-1,1"
z134e5zjck2agxwd423hdjgx1y3ndvhf4,Christopher Pete S.,2014-09-07T22:39:21,Subscribe and u are gonna hear me roar ;)Ôªø,1,419,subscribe and u are gonna hear me roar   ,1,"-1,-1,1"
z12mt5kxyqyful0jq04cdrchivu0v5ip51k,TheParkourGamingPotato,2014-09-10T22:58:23,subscribe to meÔªø,1,438,subscribe to me,1,"-1,-1,1"
z13dgdph5vnutpnq004ci3lbtymmtlphrto0k,MyNameIs Leah,2014-09-13T12:27:00,"Hey guys!  Can you please SUBSCRIBE to my channel,because I'm gonna filming a video so  hope you guys like it and thank you so much for you're support! Xoxo,Leah!  &lt;3 Ôªø",1,453,hey guys   can you please subscribe to my channel because i m gonna filming a video so  hope you guys like it and thank you so much for you re support  xoxo leah    lt   ,1,"-1,-1,1"
z13gy5vi3kzfzbtyu04cctyzpuz3vfqgw1w,citywok68,2014-09-20T03:45:12,Hey guys plz check out my youtube channel to c funny 2 girls 1 cup reaction  thanks and plz subscribe! ThanksÔªø,1,493,hey guys plz check out my youtube channel to c funny   girls   cup reaction  thanks and plz subscribe  thanks,1,"-1,-1,1"
z12xtzhzyr2lx53oo04cexm5vlrvxptiywo0k,sarah fitzgerald,2014-09-20T07:43:50,Please subscribe every sub gets a shout out tell me what type of videos u  want and I will try make it happenÔªø,1,494,please subscribe every sub gets a shout out tell me what type of videos u  want and i will try make it happen,1,"-1,-1,1"
z12ltv24dmert1m1k23ajhgo4kydixwnf,Mohammad Abdelhafez,2014-09-20T12:33:21,Hey guys subscribe to my channel for no reason! Please!..Ôªø,1,495,hey guys subscribe to my channel for no reason  please   ,1,"-1,-1,1"
z13vdlhzymiuvvd2h224yxwomxrhczqdw,Beryllium,2014-09-27T21:21:50,Hi everyone! My dream is to have passionate sex with Katy Perry. Some people do not believe in me‚Ä¶but maybe you will. Sex is a giant part of my life and it pushes me to be a better person! Please give me a chance by giving me a thumbs up! If you love my ambition please SUBSCRIBE!Ôªø,1,521,hi everyone  my dream is to have passionate sex with katy perry  some people do not believe in mebut maybe you will  sex is a giant part of my life and it pushes me to be a better person  please give me a chance by giving me a thumbs up  if you love my ambition please subscribe ,1,"-1,-1,1"
z123tffrdqzbcd5ft234gznazwrhv1pl3,Nadeen Efein,2014-10-01T21:15:49,hi beaties! i made a new channel please go check it out and subscribe and  enjoy!Ôªø,1,527,hi beaties  i made a new channel please go check it out and subscribe and  enjoy ,1,"-1,-1,1"
z12pdlwxuwmktfmoq04civd5ypmzv5np0os0k,Maryam Yassine,2014-10-08T12:39:49,OMG I LOVE YOU KATY PARRY YOUR SONGS ROCK!!!!!!!!!!!!!!!!! THATS A TOTAL  SUBSCRIBEÔªø,0,539,omg i love you katy parry your songs rock                  thats a total  subscribe,1,"-1,-1,1"
z13qw3ahhwftv3tnd23tihhxvlr0erteu,TopMusicWorld HD,2014-10-19T23:27:50,Please Subscribe In My Channel ‚ÜíÔªø,1,582,please subscribe in my channel ,1,"-1,-1,1"
z12vyf0jry25cbtif04cilsxal2quhowmw00k,katy perry,2014-10-24T14:12:49,Hey Katycats! We are releasing a movie at midnight UK time to celebrate  katy's 30th birthday! Be sure to subscribe to our channel and watch the  movie!Ôªø,1,601,hey katycats  we are releasing a movie at midnight uk time to celebrate  katy s   th birthday  be sure to subscribe to our channel and watch the  movie ,1,"-1,-1,1"
z12izheoltagv1vvg233cvfgpt3yxdhed,NeverGreen35,2014-10-28T20:04:45,Subscribe me and i subscribe you back!!Ôªø,1,619,subscribe me and i subscribe you back  ,1,"-1,-1,1"
z12jwlxzxsa3srdwf04cftvx1rfjj1vrxms0k,themind blasters,2014-10-29T19:39:38,plz subscribe to my channel i need subs and if you do i will sub back i  need helpÔªø,1,624,plz subscribe to my channel i need subs and if you do i will sub back i  need help,1,"-1,-1,1"
z13fzno5fnzdwl0wm04cc3fxqkubz3v4ieg,sreekrishna praveen,2014-10-31T07:37:32,i love you katy perry because you will sing nice than shakiraÔªø,0,633,i love you katy perry because you will sing nice than shakira,0,"1,-1,-1"
z13ufbpg5smtedf4v04ci5gqvqemyb2jsp00k,OFFICIAL LEXIS,2014-11-04T20:24:58,Hi everyone! Do you like music? Then why not check out my music channel.  The LEXIS band will be uploading their own songs and covers soon so don't  miss out. Please SUBSCRIBE too as it does help us out a lot. Just takes one  click. -&gt;Ôªø,1,643,hi everyone  do you like music  then why not check out my music channel   the lexis band will be uploading their own songs and covers soon so don t  miss out  please subscribe too as it does help us out a lot  just takes one  click    gt ,1,"-1,-1,1"
LneaDw26bFuH6iFsSrjlJLJIX3qD4R8-emuZ-aGUj0o,Amir bassem,,if u love rihanna subscribe me,1,666,if u love rihanna subscribe me,1,"-1,-1,1"
z12mznwahnvyz3mjm04cfnizwzmijtjhsp40k,Those two boys,2015-06-05T03:15:10,Please subscribe to us and thank youÔªø,1,692,please subscribe to us and thank you,1,"-1,-1,1"
z13pxhrhjrjqfzifz23bttvrnrifc3nhf04,"TelePricol - FUNNY VIDEOS,–õ–£–ß–®–ò–ï –ü–†–ò–ö–û–õ–´",2015-05-17T14:02:31.882000,SUBSCRIBE TO MY CHANNELÔªø,1,878,subscribe to my channel,1,"-1,-1,1"
z13oyf1ben2sezqq504ci1i4ktees5aw0oc0k,Almohtarif Info | ÿßŸÑŸÖÿ≠ÿ™ÿ±ŸÅ ÿßŸÜŸÅŸà‚Äé,2015-05-13T17:15:41.261000,subscribe me plzzzzzzz plzzzzzzzzzzzzzzzzzzzzzzzzzzzzzzzÔªø,1,914,subscribe me plzzzzzzz plzzzzzzzzzzzzzzzzzzzzzzzzzzzzzzz,1,"-1,-1,1"
z13ltz3bakrjfxxhx04ccvzhorbicrlrnt00k,Aquan Hall,2015-05-12T17:25:33.187000,"YouTube collaborator&#39;s anyone? subscribe to me, I&#39;ll subscribe back. I also will start uploading more YouTube videos.  <a rel=""nofollow"" class=""ot-hashtag"" href=""https://plus.google.com/s/%23LMFAO"">#LMFAO</a>Ôªø",1,915,youtube collaborator     s anyone  subscribe to me  i     ll subscribe back  i also will start uploading more youtube videos    a rel  nofollow  class  ot hashtag  href  https   plus google com s    lmfao   lmfao  a ,1,"-1,-1,1"
z13butni2oehuf10e22nslhgcxydyv4cj,Joe Ybarra,2015-05-12T06:07:23.379000,Guys lmfaois going to have a reunion on June/27/15 at expo Idaho gardens there going 2 performe live and there&#39;s going 2 be a press conference after to answer questions about were there been its all live on my channel I got publishing rights subscribe to my channel to watch the whole thing if u don&#39;t believe me look it up hope to see all u true fans there and yes it&#39;s free Ôªø,1,916,guys lmfaois going to have a reunion on june       at expo idaho gardens there going   performe live and there     s going   be a press conference after to answer questions about were there been its all live on my channel i got publishing rights subscribe to my channel to watch the whole thing if u don     t believe me look it up hope to see all u true fans there and yes it     s free ,1,"-1,-1,1"
z13oxrgicuueitsig04cijfwpunexhgyd3k,FreddyLegends Songs,2015-05-11T20:43:01.326000,IIIIIIIIIII LOVE THIS SHAKE IT SONG OH SORRY EVERY SHAKE IT SONG I LIKE WATCH SUBSCRIBE AND NEVER UNLIKE BROOOOO!!!!!!!!!!! SHAKE IT UPÔªø,1,917,iiiiiiiiiii love this shake it song oh sorry every shake it song i like watch subscribe and never unlike brooooo            shake it up,1,"-1,-1,1"
z13xi3opxyetwjgct221hrwzgpaxfttwk04,zonZi,2015-05-09T13:09:17.453000,Who&#39;s watching in 2015 Subscribe for me !Ôªø,1,921,who     s watching in      subscribe for me  ,1,"-1,-1,1"
z13aud2q2nvduhzm522ohj5hxqudizs4p04,Patrik Gybka,2015-05-05T09:32:04.687000,SUBSCRIBE MY CHANNEL PLEASE LOL PRO PLAYS)Ôªø,1,923,subscribe my channel please lol pro plays ,1,"-1,-1,1"
z12gctfjtpq4ybcdx23sshorsxrsx3ave,Victor Gamer,2015-04-13T02:00:20.152000,View 851.247.920<br /><br />¬†Best youtube Video<br />If Subscribe to My Channel please!<br />Thank you! &lt;3<br /><br />Melhor V√≠deo do youtube<br />Se Inscreva no Meu canal por favor!<br />Obrigado! &lt;3<br /><br />Mejor Video youtube<br />Si suscriba a mi canal por favor!<br />Gracias! &lt;3<br /><br />Meilleur vid√©o youtube<br />Si vous abonner √† Ma Cha√Æne se il vous pla√Æt!<br />Merci! &lt;3Ôªø,1,946,view             br    br   best youtube video br   if subscribe to my channel please  br   thank you   lt   br    br   melhor vdeo do youtube br   se inscreva no meu canal por favor  br   obrigado   lt   br    br   mejor video youtube br   si suscriba a mi canal por favor  br   gracias   lt   br    br   meilleur vido youtube br   si vous abonner  ma chane se il vous plat  br   merci   lt  ,1,"-1,-1,1"
z12idnt4plzphv3jx04cd5jxoqjkzfxxsf0,THE AMAZING MOVIE MAKING NAD GAMING TOM BURKE,2015-04-11T20:32:48.515000,Lol check out my chanell and subscribe please i want 5000 subs thats it im nearly their nowÔªø,1,948,lol check out my chanell and subscribe please i want      subs thats it im nearly their now,1,"-1,-1,1"
z12gf3oyjry1wjdsq22rtlhgcp2tsfxb204,AryaDewa Gaming,2015-04-10T17:33:31.099000,SUBSCRIBE me. if you do that leave your name so i can subs back Ôªø,1,951,subscribe me  if you do that leave your name so i can subs back ,1,"-1,-1,1"
z12eh5pohzi0fzmab04cdt3qclauvh0j2yg0k,Ognjen Videos,2015-04-08T21:11:31.085000,Please subscribe to my channel!Thanks!Ôªø,1,953,please subscribe to my channel thanks ,1,"-1,-1,1"
z12hif0a3nj0vlkxj04cif1wcpuxvf0gpno0k,Hazetrix (EHazardStudio),2015-04-08T00:09:33.033000,hey guys im 17 years old remixer and producer and i want you guys to help me checking my videos i am sure you will love those music if you love them then subscribe so you will know more about me:)Ôªø,1,954,hey guys im    years old remixer and producer and i want you guys to help me checking my videos i am sure you will love those music if you love them then subscribe so you will know more about me  ,0,"-1,1,1"
z13pshr4npe2uphcd23ueb35eq3tfv3ta,Reynad Gamer,2015-04-04T06:11:32.255000,Subscribe My ChannelÔªø,1,956,subscribe my channel,1,"-1,-1,1"
z13ajr3ainzmg1lnd23gwt2phxmcsfbbu04,Dloga2,2015-03-31T03:01:14.438000,Subscribe if you are watching in 2015Ôªø,1,958,subscribe if you are watching in     ,1,"-1,-1,1"
z124cfkz5v34vrp4y04cerpiwpmxthywlhw,Vid√©oRiveaux,2015-03-28T14:03:55.093000,Hey ! Subscribe¬† to me¬†for the peace in the world ! ‚ô•Ôªø,1,960,hey   subscribe to mefor the peace in the world   ,1,"-1,-1,1"
z12jdpyjcompvrtsn224x1wottiqzb0xd04,Serbian Boy,2015-03-11T18:36:40.423000,LIKE AND SUBSCRIBEÔªø,1,978,like and subscribe,1,"-1,-1,1"
z13si3qrjn3ae1m0s235g5wpgqqmfpgee,JS Scott,2015-03-08T21:27:05.377000,"subscribe to <span class=""proflinkWrapper""><span class=""proflinkPrefix"">+</span><a class=""proflink"" href=""https://plus.google.com/104999962146104962510"" oid=""104999962146104962510"">SuperMarioLogan</a></span>¬† if you thot the robot dudes r epic and awsomeÔªø",1,983,subscribe to  span class  proflinkwrapper   span class  proflinkprefix     span  a class  proflink  href  https   plus google com                        oid                         supermariologan  a   span  if you thot the robot dudes r epic and awsome,1,"-1,-1,1"
z132wbtj1qazyhruq235g5wpgqqmfpgee,JS Scott,2015-03-08T21:22:08.901000,"if watching in 2015 subscribe to <span class=""proflinkWrapper""><span class=""proflinkPrefix"">+</span><a class=""proflink"" href=""https://plus.google.com/104999962146104962510"" oid=""104999962146104962510"">SuperMarioLogan</a></span>¬†Ôªø",1,985,if watching in      subscribe to  span class  proflinkwrapper   span class  proflinkprefix     span  a class  proflink  href  https   plus google com                        oid                         supermariologan  a   span ,1,"-1,-1,1"
z13ajrlbklm5jlxxt04cjx2rktq0y1kxmy40k,santi1525 deadzone,2015-03-01T01:10:37.298000,subscribe to my chanellÔªø,1,992,subscribe to my chanell,1,"-1,-1,1"
z13fd5trkvvmublwk04cidcahpuhud1xghk,Vitaly Denisovs,2015-02-15T21:19:55.060000,"Need money ? check my channel and subscribe,soon will post how to get it )Ôªø",1,1007,need money   check my channel and subscribe soon will post how to get it  ,1,"-1,-1,1"
z12fgphykwn0vb2du23ftzmjulq0z1olv,–∞–ª–µ–∫—Å–µ–π –∞–ª–≥–∞–µ–≤,2015-02-01T15:51:59.518000,Hello from Russia comes to the channel subscribeÔªø,1,1017,hello from russia comes to the channel subscribe,1,"-1,-1,1"
z124jvbxusjnsn2oi04cidm5hqmoftu4ovg0k,XxNorwegianELITEGaming xX,2015-01-31T20:56:05.396000,pleas subscribe on me for ps4 games video¬†<br /><i>______________________________</i><br />if you have som tips so contact me on kik or skype<br /><i>______________________________</i><br />Kik: pander26<br />Skype: sander.nicolaysen2<br /><i>______________________</i><br />pleas subscribe on me and Kashoo GamingÔªø,1,1020,pleas subscribe on me for ps  games video br    i                                 i  br   if you have som tips so contact me on kik or skype br    i                                 i  br   kik  pander   br   skype  sander nicolaysen  br    i                         i  br   pleas subscribe on me and kashoo gaming,1,"-1,-1,1"
z13rdxlhnrukflfe3225hbpxxneuhjrr104,Mizz swagger,2015-01-27T01:53:24.950000,üö®üö®üö®üö®üö®üö®üö®üö®üö®üö®üö®üö®üö®üö®üö®üö®<br />NOW THAT I HAVE YOUR ATTENTION!!! üö®üö®üö®üö®üö®üö®üö®üö®üö®üö®üö®üö®üö®üö®üö®üö®SUBSCRIBE TO MY CHANNEL!!!<br />üö®üö®üö®üö®üö®üö®üö®üö®üö®üö®üö®üö®üö®üö®üö®üö®<br />GRACIAS!üíã<br />üö®üö®üö®üö®üö®üö®üö®üö®üö®üö®üö®Ôªø,1,1026, br   now that i have your attention    subscribe to my channel    br    br   gracias  br   ,1,"-1,-1,1"
z125tbogfxjjivxv523vwpkyaznetaic,On the Positive,2015-01-01T21:16:37.765000,Dear friends please subscribe to my channel I will be very glad to see You virucide ;-)Ôªø,1,1051,dear friends please subscribe to my channel i will be very glad to see you virucide    ,1,"-1,-1,1"
z13uu5dyinf2yplb504civzz5obby5baucg,Simply Terrell,2014-12-26T11:17:56.976000,Subscribe to my channel <br />Tweet &amp; Follow me on twitter //therealterrell_ <br />And I will follow you back üëÄÔªø,1,1054,subscribe to my channel  br   tweet  amp  follow me on twitter   therealterrell   br   and i will follow you back ,1,"-1,-1,1"
z13vehm4enr5zbohl04chhjoixzes32rvjw,Desert Loner,2014-12-25T19:52:25.333000,want a sub? tell me about your channel and i will subscribe (with a couple exceptions)Ôªø,1,1055,want a sub  tell me about your channel and i will subscribe  with a couple exceptions ,1,"-1,-1,1"
z13ue5b4sw25i3s4g04cg3grnmmue33bysg0k,Cora Whatley,2014-12-23T01:50:41.928000,Subscribe I&#39;ll subscribe backÔªø,1,1057,subscribe i     ll subscribe back,1,"-1,-1,1"
z12zurhazmyqyvn4u04cfdurxvzlyzdi4k00k,Tyler Jackson,2014-12-10T16:28:43.637000,subscribe to my channel yo - DJ FeelzÔªø,1,1068,subscribe to my channel yo   dj feelz,1,"-1,-1,1"
z13wvz54kv3ow3dct233jb5ptof2d10se,Edgar's Finest,2014-12-09T05:35:45.812000,Hey guys subscribe to my chanel and i will subscribe back and like all your vids :)<br /><br />Ôªø,1,1069,hey guys subscribe to my chanel and i will subscribe back and like all your vids    br    br   ,1,"-1,-1,1"
z13hxfdrqom5clnaa04cgx5hkpqjexhh3wk0k,DERRICK HANFORD,2014-12-05T22:52:29.316000,White people are going extinct for more information subscribe to my channel or search for videos on &quot;white genocide&quot;  thank youÔªø,1,1072,white people are going extinct for more information subscribe to my channel or search for videos on  quot white genocide quot   thank you,1,"-1,-1,1"
z131x1cimrnfuz2zs04ci5gqvqemyb2jsp00k,OFFICIAL LEXIS,2014-11-04T20:26:48.030000,Hi everyone! Do you like music? Then why not check out my music channel. The LEXIS band will be uploading their own songs and covers soon so don&#39;t miss out. Please SUBSCRIBE too as¬†it does help us out a lot. Just takes one click. -&gt;Ôªø,1,1081,hi everyone  do you like music  then why not check out my music channel  the lexis band will be uploading their own songs and covers soon so don     t miss out  please subscribe too asit does help us out a lot  just takes one click    gt ,1,"-1,-1,1"
z12gvlyixpjfwrpme23rxfubjvzkvp42s,Toan732,2014-10-31T02:49:34.017000,Ummm... I just hit 1k subscribers. I make Minecraft videos. Help me out by checking me out?Ôªø,1,1083,ummm    i just hit  k subscribers  i make minecraft videos  help me out by checking me out ,0,"-1,1,-1"
z124hbc4umr5yxikd23kupyodqvben3yb04,Sami Nashawi,2014-10-29T15:28:53.402000,SUP GUS THIS IS A VIDEO FOR PEOPLE WHO LOVES PARTY ROCK SO THANKS FOR WATCHING AND PLEASE SUBSCRIBE:)!!Ôªø,1,1084,sup gus this is a video for people who loves party rock so thanks for watching and please subscribe    ,1,"-1,-1,1"
z12nyp2j5zy5dxrxi04cilmypritghhhmyc0k,Por Phizer,2014-10-16T20:10:15.922000,Hey Guys Jaylan Here And I Just Wanted Everybody To Know if Yall Can Subscribe Please That Would Be Great! This Is My New Gaming Channel (Have Not¬†Uploaded Yet)But I Will Upload If I Hit About 10 Subs Thank You :DÔªø,1,1085,hey guys jaylan here and i just wanted everybody to know if yall can subscribe please that would be great  this is my new gaming channel  have notuploaded yet but i will upload if i hit about    subs thank you  d,1,"-1,-1,1"
z130tflr2suzejk2s22expyzjmfjifvgs04,Sebastian Garcia,2014-10-16T00:50:14.327000,great l subscribeÔªø,1,1086,great l subscribe,1,"-1,-1,1"
z130drwgasjgevh0n234ht3gfrmugfguz,Guren - MKII,2014-10-01T19:53:07.387000,everyday i&#39;m subscribeÔªø,1,1096,everyday i     m subscribe,1,"-1,-1,1"
z13cu5iyjryvixkyr04cdzniromoclcpc1w,Kikilaronk ‚ÄúKiki‚Äù Loz,2014-08-31T16:39:30.472000,Subscribe to me if u think &quot;swag&quot; is fucking stupidÔªø,1,1107,subscribe to me if u think  quot swag quot  is fucking stupid,1,"-1,-1,1"
z12svdoikuuvivym122pu5prquvmvnfnk,D√°vvvid „ÉÑ,2014-08-31T12:06:37.835000,Tuto to subscribe to my channel because you should sign up for 17 l please thank you I&#39;d do anything for you to sign up a lot of good video I usually do!Ôªø,1,1108,tuto to subscribe to my channel because you should sign up for    l please thank you i     d do anything for you to sign up a lot of good video i usually do ,1,"-1,-1,1"
z12ghvgo3xjyjvouf23tstj5bna5jei0,Ragnarok,2014-08-19T19:53:09.770000,Abomination! Subscribe if you agree :| party here in my channel. cool lights.Ôªø,1,1109,abomination  subscribe if you agree    party here in my channel  cool lights ,1,"-1,-1,1"
z122djvavnibdrr1j23pjbm4szvfuzlzd04,RandomFuntime,2014-08-04T13:27:47.451000,"Hey I&#39;m a British youtuber!!<br />I upload Weekly!! <br />It would mean the world if you could subscribe!!<br />Thanks,Joyce!!<br />Ôªø",1,1114,hey i     m a british youtuber   br   i upload weekly    br   it would mean the world if you could subscribe   br   thanks joyce   br   ,1,"-1,-1,1"
z134xrxhguygyj12f22wuvej0pnnz5wap04,footboxG,2014-08-03T22:28:17.610000,Subscribe to my channel !Ôªø,1,1115,subscribe to my channel  ,1,"-1,-1,1"
z13mjpyydob5ybead04cgdiaewywunab5pg0k,Henry Cousins,2014-07-27T18:24:57.907000,"hi guys please check out my vids , i will promos to subscribe to you toÔªø",1,1116,hi guys please check out my vids   i will promos to subscribe to you to,1,"-1,-1,1"
z12btr5hfnjydpwm023xtt0q4urzs1ju4,Mah Productions,2014-07-26T17:07:51.274000,Check the shit out on my channel<br /><br /><br />SUBSCRIBE YOU WILL LIKE ITÔªø,1,1118,check the shit out on my channel br    br    br   subscribe you will like it,1,"-1,-1,1"
z121szzyozr4vpqqc04cdn5g4zjhutdosdw,ItsJoey Dash,2014-07-22T10:04:05.755000,EVERYONE PLEASE SUBSCRIBE TO MY CHANNEL OR CAN YOU ALL JUST GO LOOK AT MY VIDEOS Ôªø,1,1135,everyone please subscribe to my channel or can you all just go look at my videos ,1,"-1,-1,1"
z12dw3tbbzm2gpzty22gtf1bvviqeha2j,ItsJoey Dash,2014-07-22T10:04:00.700000,EVERYONE PLEASE SUBSCRIBE TO MY CHANNEL OR CAN YOU ALL JUST GO LOOK AT MY VIDEOS Ôªø,1,1136,everyone please subscribe to my channel or can you all just go look at my videos ,1,"-1,-1,1"
z13kflxgcqn3gv0hz04cdn5g4zjhutdosdw,ItsJoey Dash,2014-07-22T10:02:25.925000,EVERYONE PLEASE GO SUBSCRIBE TO MY CHANNEL OR JUST LOON AT MY VIDEOSÔªø,1,1137,everyone please go subscribe to my channel or just loon at my videos,1,"-1,-1,1"
z12avrn4pmaaw34bc04cjfhhjvuazn3w0qk0k,Chris Faith,,I personally have never been in a abusive relationship. I probably never will. I don&#39;t hit women. Mom has my dad used to hit my mom before he left. I can relate I&#39;m writing about one at the moment subscribe to hear it. EVERY fan counts.Ôªø,1,1188,i personally have never been in a abusive relationship  i probably never will  i don     t hit women  mom has my dad used to hit my mom before he left  i can relate i     m writing about one at the moment subscribe to hear it  every fan counts ,1,"-1,-1,1"
z12qslfpnzyytzhfs23sxzpo0zjnibzw404,awsome models,,plese subscribe to meÔªø,1,1191,plese subscribe to me,1,"-1,-1,1"
z12mjlfh2wyzzzc3e22sehuzmmjmstlv2,Bilinmeyenin Bilinmeyeni,,Subscribe me Secret videos :DÔªø,1,1198,subscribe me secret videos  d,1,"-1,-1,1"
LneaDw26bFt7RP87Zm4xWaDRwG5SE0XUHC_YBbvPQhQ,ultimatecleanmusic,,Subscribe to me for clean Eminem!,1,1201,subscribe to me for clean eminem ,1,"-1,-1,1"
LneaDw26bFshLT1-9YrPxWqbLzAdCIz2qsKDoIM2SDY,DJ ROY,," Hey youtubers... {**}I really appreciate all of you who took the time, to read this, I am just a 19 year old boy who wants to be a successful musician in the           music world. {**}I dont have any money to advertise my channel, {**}If you could just visit my channel, comment on my video or subscribe, that would be great.... {**}It will only be few seconds of your life..... {**}Thank u to all the people who just gave me a chance l really appreciate it ",1,1202, hey youtubers        i really appreciate all of you who took the time  to read this  i am just a    year old boy who wants to be a successful musician in the           music world      i dont have any money to advertise my channel      if you could just visit my channel  comment on my video or subscribe  that would be great         it will only be few seconds of your life          thank u to all the people who just gave me a chance l really appreciate it ,1,"-1,-1,1"
LneaDw26bFvYw369Q5okcXCmHP7yDxn75UhHEKdI8Kc,AllDailyVines,,hahahahah ‚ô•‚ô•‚ô•‚ô• :D like vines ?  Subscribe to me for daily vines,1,1212,hahahahah   d like vines    subscribe to me for daily vines,1,"-1,-1,1"
LneaDw26bFsR_suTFQXPd6_Nuv-oikecM7Vx539o-2k,Samantha Sawyer,,please read this please! i am a country singer who is trying to become someone. so if you would like my videos please. just type... boys round here by country girl (only on computer) wasting all these tears e.t. please subscribe and like,1,1213,please read this please  i am a country singer who is trying to become someone  so if you would like my videos please  just type    boys round here by country girl  only on computer  wasting all these tears e t  please subscribe and like,1,"-1,-1,1"
LneaDw26bFsatnacZXb_S1v2dOV0EyaNuykTxwkPmWg,101Tele,,"yo I know nobody will probably even read this..  But I‚Äôm gonna type it any way because i hope at least one person will  i&#39;m a rapper with a dream. I know there&#39;s like 200k of those in this world  but please check out my music and subscribe? if you want.? thanks,  I would love nothing more than to have a decent following on youtube..  if anyone? reading this could press the &quot;THUMBS UP&quot; other people will see it  just a simple button press? could make my dream come true =) Thank You",1,1246,yo i know nobody will probably even read this    but im gonna type it any way because i hope at least one person will  i     m a rapper with a dream  i know there     s like    k of those in this world  but please check out my music and subscribe  if you want   thanks   i would love nothing more than to have a decent following on youtube    if anyone  reading this could press the  quot thumbs up quot  other people will see it  just a simple button press  could make my dream come true    thank you,1,"-1,-1,1"
LneaDw26bFtwg5A1ijrcWVqI_5EptEDoyiygIJl5Xp4,real money,, subscribe to my feed,1,1248, subscribe to my feed,1,"-1,-1,1"
LneaDw26bFvAsBvYZLuVc3cJCI65rJQ9A-wZAcukfp0,101Tele,,"yo I know nobody will probably even read this..  but, Imma type it any way because i hope at least one person will  i&#39;m a rapper with a dream. I know there&#39;s like 200k of those in this world  but please check out my music and subscribe? if you want.? thanks,  I would love nothing more than to have a decent following on youtube..  if anyone? reading this could press the &quot;THUMBS UP&quot; other people will see it  just a simple button press? could make my dream come true =) Thank You",1,1258,yo i know nobody will probably even read this    but  imma type it any way because i hope at least one person will  i     m a rapper with a dream  i know there     s like    k of those in this world  but please check out my music and subscribe  if you want   thanks   i would love nothing more than to have a decent following on youtube    if anyone  reading this could press the  quot thumbs up quot  other people will see it  just a simple button press  could make my dream come true    thank you,1,"-1,-1,1"
LneaDw26bFvnMp5q__XiHBvyky8sw2uF9b-ZfDZi2to,WeTheDopeSquad,,WATCH MY VIDEOS AND SUBSCRIBE,1,1260,watch my videos and subscribe,1,"-1,-1,1"
LneaDw26bFvxF3dtP-JPmr1RRfbcmnhR8cXBDGWcO2M,AllDailyVines,,:D subscribe to me for daily vines,1,1261, d subscribe to me for daily vines,1,"-1,-1,1"
LneaDw26bFs87f8zCtdgtSzADarWSHU_uPcclXWKxms,Andrew Guasch,,"Listen...Check out Andrew Guasch - Crazy, Sick Flow...I&#39;m dope....that&#39;s all there is too it. If you like it Subscribe, if not, Ill be with Aftermath of TDE Soon enough.  One Love,  Peace.",1,1264,listen   check out andrew guasch   crazy  sick flow   i     m dope    that     s all there is too it  if you like it subscribe  if not  ill be with aftermath of tde soon enough   one love   peace ,1,"-1,-1,1"
LneaDw26bFsTytWDcS_4DFWlbxAlCfw2c_9PIcArNdw,chantel toledo,,Tell us the title so i can like and subscribe your music fgw please,1,1302,tell us the title so i can like and subscribe your music fgw please,1,"-1,-1,1"
LneaDw26bFsNCzFDEM6x7-7RjXB5NjguHaB7LJf7qFg,dungeonturmoil1 .,,"YO GUYS SORRY IF THIS ANNOYS YOU!!! BUT CHECK OUT MY CHANNEL, AND LATEST VIDEO. A LIKE AND SUBSCRIBE WOULD BE NICE TOO!!!!!!!",1,1325,yo guys sorry if this annoys you    but check out my channel  and latest video  a like and subscribe would be nice too       ,1,"-1,-1,1"
LneaDw26bFshakV1mr8xdnPsZTs4kKWkL20CH_8-gww,George Raps,,"‚Ä¢‚Ä¢‚Ä¢‚Ä¢‚ñ∫‚ñ∫My name is George and let me tell u EMINEM is my idol my inspiration, I&#39;ve listen to him growing up, I never thou I would love rap this much But I thank him for helping me find my dream. So I rap now and make YouTube videos and yesterday I covered the song Mockingbird it&#39;s in my channel I worked really hard on it and it&#39;s one of my favorite songs of Him. So please go check it out and subscribe it would mean the world to me n sorry for the spam ‚óÑ‚óÑ‚Ä¢‚Ä¢¬≠‚Ä¢‚Ä¢ don&#39;t hate I&#39;m not Eminem",1,1327,my name is george and let me tell u eminem is my idol my inspiration  i     ve listen to him growing up  i never thou i would love rap this much but i thank him for helping me find my dream  so i rap now and make youtube videos and yesterday i covered the song mockingbird it     s in my channel i worked really hard on it and it     s one of my favorite songs of him  so please go check it out and subscribe it would mean the world to me n sorry for the spam  don     t hate i     m not eminem,1,"-1,-1,1"
LneaDw26bFsgggeU_vbp6eynA9RVJ0qto2OMt6tcgjk,deazy99,,"I know that maybe no one will read this but PLEASE TYPE IN &quot;deazy99&quot; I&#39;m a rapper with a dream. I know you must see like millions of those on here everyday but please check out my music and subscribe if you&#39;d like thank you, i would love nothing more than to have a decent following on youtube from people if anyone reading this could give it a &quot;THUMBS UP&quot; because what some might see as just a simple button press could make my dream come true..thank you again for your time &amp; may god bless you",1,1346,i know that maybe no one will read this but please type in  quot deazy   quot  i     m a rapper with a dream  i know you must see like millions of those on here everyday but please check out my music and subscribe if you     d like thank you  i would love nothing more than to have a decent following on youtube from people if anyone reading this could give it a  quot thumbs up quot  because what some might see as just a simple button press could make my dream come true  thank you again for your time  amp  may god bless you,1,"-1,-1,1"
LneaDw26bFsILb1-yJtTNbl7IIOeXIvJxxyU3o-EtR4,Yuliya Meow,,"HEY GUYS!!! ‚ù§‚ù§‚ù§‚ù§‚ù§‚ù§‚ù§  BEFORE YOU IGNORE ME, PLEASE, GIVE ME A CHANCE!  My name is Yuliya, I make COVERS. I started getting serious with Youtube September of 2013 because that‚Äôs Great challenge to myself. MY DREAM was to become a singer. Youtube helps me keep up! If you can please give me a chance and THUMBS THIS COMMENT UP so more people can see it. I swear I&#39;ll appreciate it. SUBSCRIBE PLEASE!!!  ‚ù§‚ù§‚ù§ LOVE YOU!!! ‚ù§‚ù§‚ù§‚ù§‚ù§‚ù§‚ù§‚ù§‚ù§‚ù§‚ù§‚ù§‚ù§‚ù§‚ù§‚ù§‚ù§‚ù§‚ù§‚ù§‚ù§‚ù§‚ù§‚ù§‚ù§‚ù§‚ù§‚ù§‚ù§‚ù§‚ù§‚ù§‚ù§‚ù§‚ù§‚ù§‚ù§‚ù§‚ù§ XOXO ‚ù§‚ù§‚ù§‚ù§‚ù§‚ù§‚ù§‚ù§‚ù§‚ù§‚ù§‚ù§‚ù§‚ù§‚ù§‚ù§‚ù§‚ù§‚ù§‚ù§‚ù§‚ù§‚ù§‚ù§‚ù§‚ù§‚ù§‚ù§‚ù§‚ù§‚ù§‚ù§‚ù§‚ù§‚ù§‚ù§‚ù§‚ù§ ",1,1349,hey guys      before you ignore me  please  give me a chance   my name is yuliya  i make covers  i started getting serious with youtube september of      because thats great challenge to myself  my dream was to become a singer  youtube helps me keep up  if you can please give me a chance and thumbs this comment up so more people can see it  i swear i     ll appreciate it  subscribe please      love you     xoxo  ,1,"-1,-1,1"
LneaDw26bFveIkl-BacAwMBXwQ4Sb4AH7IWbGVvmtB8,SnEakiESTG,,SnEakiESTG Good Music. Hood Muzik Subscribe 2 My Channel. Thanks For The Support. SnEakiESTG   SnEakiESTG Good Music. Hood Muzik Subscribe 2 My Channel. Thanks For The Support. SnEakiESTG,1,1353,sneakiestg good music  hood muzik subscribe   my channel  thanks for the support  sneakiestg   sneakiestg good music  hood muzik subscribe   my channel  thanks for the support  sneakiestg,1,"-1,-1,1"
LneaDw26bFvomSMK6PblKKPEb52U5F8DKmdq5vbIyNY,√Üle Skittles,,subcribe to us an we will subscribe back,1,1355,subcribe to us an we will subscribe back,1,"-1,-1,1"
LneaDw26bFu-16wpkbRY_POG-WA_Hnc6J0bNJPD0g-k,Marko Vukoja,,wtf. subscribe my channel thanx ;),1,1367,wtf  subscribe my channel thanx   ,1,"-1,-1,1"
LneaDw26bFtX5RMSmXwiWyM-cpLU5CtNk9C9QQiT9Lc,Vincent T.,,RIHANNA - POUR IT UP (VINCENT T. REMIX) RIHANNA - POUR IT UP (VINCENT T. REMIX) RIHANNA - POUR IT UP (VINCENT T. REMIX) RIHANNA - POUR IT UP (VINCENT T. REMIX) RIHANNA - POUR IT UP (VINCENT T. REMIX) RIHANNA - POUR IT UP (VINCENT T. REMIX) RIHANNA - POUR IT UP (VINCENT T. REMIX) RIHANNA - POUR IT UP (VINCENT T. REMIX) RIHANNA - POUR IT UP (VINCENT T. REMIX)  CLICK! SUBSCRIBE!,1,1377,rihanna   pour it up  vincent t  remix  rihanna   pour it up  vincent t  remix  rihanna   pour it up  vincent t  remix  rihanna   pour it up  vincent t  remix  rihanna   pour it up  vincent t  remix  rihanna   pour it up  vincent t  remix  rihanna   pour it up  vincent t  remix  rihanna   pour it up  vincent t  remix  rihanna   pour it up  vincent t  remix   click  subscribe ,1,"-1,-1,1"
LneaDw26bFvdvI7rlQIcNpETWIMuWByXcsQPGKS7EVg,Chris King,,Hey! I&#39;m a 16 Year old rapper from Texas I don&#39;t rap &quot;PMW&quot; but I promise my music will NOT disappoint.. Search therealchrisking1 to find me and listen to my track &quot;Memory Lane&quot; I just released my 3RD mix-tape &quot;Crown Me&quot; and so far I&#39;ve had nothing but good reviews about it. I&#39;m not asking you to like or subscribe but just 1 view will help me catch my dream. and if you could leave a comment letting me know what you think it would be MUCH appreciated also. Thank you.,1,1381,hey  i     m a    year old rapper from texas i don     t rap  quot pmw quot  but i promise my music will not disappoint   search therealchrisking  to find me and listen to my track  quot memory lane quot  i just released my  rd mix tape  quot crown me quot  and so far i     ve had nothing but good reviews about it  i     m not asking you to like or subscribe but just   view will help me catch my dream  and if you could leave a comment letting me know what you think it would be much appreciated also  thank you ,1,"-1,-1,1"
LneaDw26bFu1Ru9jx_4ZrghWiGAVmVtFPtTTpL7ihGI,deazy99,,"I know that maybe no one will read this but PLEASE TYPE IN &quot;deazy99&quot; I&#39;m a rapper with a dream. I know you must see like millions of those on here everyday but please check out my music and subscribe if you&#39;d like thank you, i would love nothing more than to have a decent following on youtube from people if anyone reading this could give it a &quot;THUMBS UP&quot; because what some might see as just a simple button press could make my dream come true..thank you again for your time &amp; may god bless you",1,1385,i know that maybe no one will read this but please type in  quot deazy   quot  i     m a rapper with a dream  i know you must see like millions of those on here everyday but please check out my music and subscribe if you     d like thank you  i would love nothing more than to have a decent following on youtube from people if anyone reading this could give it a  quot thumbs up quot  because what some might see as just a simple button press could make my dream come true  thank you again for your time  amp  may god bless you,1,"-1,-1,1"
LneaDw26bFviVGu48zFp_sMMENzTpzWdbhRUvgtprCI,Dengesiz Adam,,SubScribe me pls EMƒ∞NEM FANS,1,1391,subscribe me pls emnem fans,1,"-1,-1,1"
LneaDw26bFuM4VU33XXogBzYQDxO-q19BsZLZRAklss,Ractive,,"i been working so hard for the past 60 days to improve i been writing/recording/mixing/performing 16 bars everyday im doing it for a whole year(365 days) today i&#39;m on day 60 today i work so hard now i&#39;m doing 2 verses everyday to improve i&#39;m going all the way to 365 PLEASE SUBSCRIBE to my channel  help me build a fan base ,watch me improve,help me get closer to my dream i&#39;m lyrical and i keep it real i won&#39;t leave you down i promise(: PLEASE SUBSCRIBE please like this  commment so people can see",1,1398,i been working so hard for the past    days to improve i been writing recording mixing performing    bars everyday im doing it for a whole year     days  today i     m on day    today i work so hard now i     m doing   verses everyday to improve i     m going all the way to     please subscribe to my channel  help me build a fan base  watch me improve help me get closer to my dream i     m lyrical and i keep it real i won     t leave you down i promise   please subscribe please like this  commment so people can see,1,"-1,-1,1"
LneaDw26bFsHGo2NsZjHkppLdvkxCkgu3s2nWi99Oa8,MrJtill0317,,‚îè‚îÅ‚îÅ‚îÅ‚îì‚îè‚îì‚ïã‚îè‚îì‚îè‚îÅ‚îÅ‚îÅ‚îì‚îè‚îÅ‚îÅ‚îÅ‚îì‚îè‚îì‚ïã‚ïã‚îè‚îì  ‚îÉ‚îè‚îÅ‚îì‚îÉ‚îÉ‚îÉ‚ïã‚îÉ‚îÉ‚îÉ‚îè‚îÅ‚îì‚îÉ‚îó‚îì‚îè‚îì‚îÉ‚îÉ‚îó‚îì‚îè‚îõ‚îÉ  ‚îÉ‚îó‚îÅ‚îÅ‚îì‚îÉ‚îó‚îÅ‚îõ‚îÉ‚îÉ‚îÉ‚ïã‚îÉ‚îÉ‚ïã‚îÉ‚îÉ‚îÉ‚îÉ‚îó‚îì‚îó‚îõ‚îè  ‚îó‚îÅ‚îÅ‚îì‚îÉ‚îÉ‚îè‚îÅ‚îì‚îÉ‚îÉ‚îó‚îÅ‚îõ‚îÉ‚ïã‚îÉ‚îÉ‚îÉ‚îÉ‚ïã‚îó‚îì‚îè‚îõ  ‚îÉ‚îó‚îÅ‚îõ‚îÉ‚îÉ‚îÉ‚ïã‚îÉ‚îÉ‚îÉ‚îè‚îÅ‚îì‚îÉ‚îè‚îõ‚îó‚îõ‚îÉ‚ïã‚ïã‚îÉ‚îÉ  ‚îó‚îÅ‚îÅ‚îÅ‚îõ‚îó‚îõ‚ïã‚îó‚îõ‚îó‚îõ‚ïã‚îó‚îõ‚îó‚îÅ‚îÅ‚îÅ‚îõ‚ïã‚ïã‚îó‚îõ CHECK MY VIDEOS AND SUBSCRIBE AND LIKE PLZZ,1,1400,           check my videos and subscribe and like plzz,1,"-1,-1,1"
LneaDw26bFupd-SDZSJybM-YnylZY3yw4Hx0dpG5Ars,deazy99,,"I know that maybe no one will read this but PLEASE TYPE IN &quot;deazy99&quot; I&#39;m a rapper with a dream. I know you must see like millions of those on here everyday but please check out my music and subscribe if you&#39;d like thank you, i would love nothing more than to have a decent following on youtube from people if anyone reading this could give it a &quot;THUMBS UP&quot; because what some might see as just a simple button press could make my dream come true..thank you again for your time &amp; may god bless you",1,1403,i know that maybe no one will read this but please type in  quot deazy   quot  i     m a rapper with a dream  i know you must see like millions of those on here everyday but please check out my music and subscribe if you     d like thank you  i would love nothing more than to have a decent following on youtube from people if anyone reading this could give it a  quot thumbs up quot  because what some might see as just a simple button press could make my dream come true  thank you again for your time  amp  may god bless you,1,"-1,-1,1"
LneaDw26bFua7KQM3MpFFLNg9dDrNznsK0wQXgR61YQ,rukshan bieber,,Hey guys please just spent one minute for me:) im a singer from srilanka and im 18 year&#39;s old! SooO I LIKE TO BE GREAT SINGER will be a one day so i hope it would be happen in really my life. Just view my videos and rate it and let me know how is my voice please help us guys closer to living my dream:)! I really know you&#39;d helped me who read this comment he/she can just understand my feeling ! Thanks guys lv u really much more! SUBSCRIBE IT MY CHANNEL AND ONECE AGAIN THANK U !,1,1404,hey guys please just spent one minute for me   im a singer from srilanka and im    year     s old  sooo i like to be great singer will be a one day so i hope it would be happen in really my life  just view my videos and rate it and let me know how is my voice please help us guys closer to living my dream    i really know you     d helped me who read this comment he she can just understand my feeling   thanks guys lv u really much more  subscribe it my channel and onece again thank u  ,1,"-1,-1,1"
LneaDw26bFtUEhNudjpH0X1gcH2nF0v4w6dhXurctSU,Ashim Limbu,,YO GUYS IM 14 YEAR OLD RAPPER JUST STARTED RAPPING  SO PLEASE CHECK OUT MY SITE AND LEAVE FEEDBACK AND SUBSCRIBE  ALSO LIKE THIS COMMENT SO MORE CAN SEE AND MAKE MY CHANNEL BIG ASWELL,1,1405,yo guys im    year old rapper just started rapping  so please check out my site and leave feedback and subscribe  also like this comment so more can see and make my channel big aswell,1,"-1,-1,1"
LneaDw26bFv2Ps-QqkMShtEbaXEAA7MO4d-ZFRdrrW0,Anthony Konstantinou,,Every weekend a new lyric video of Eminem here VIEW LIKE SUBSCRIBE,1,1415,every weekend a new lyric video of eminem here view like subscribe,1,"-1,-1,1"
LneaDw26bFtHPL0j2tW4vknwh8imHXGX4vzYDmr2nhc,Jay Stevens,,COME SUBSCRIBE TO MY CHANNEL! ;-)  PLEASE!!,1,1420,come subscribe to my channel       please  ,1,"-1,-1,1"
LneaDw26bFtJyeoa9E-59ntF4zGVkZb4OaitZmuvNyw,Noise‚ÄãBreak,,Like &amp; Subscribe /watch?v=5tu9gN1l310,1,1427,like  amp  subscribe  watch v  tu gn l   ,1,"-1,-1,1"
LneaDw26bFtxWo398a4IB63xJxVOTtPd1Xqz0vPfw9s,Ractive,,"hey guy if you can please SUBSCRIBE to my channel im a young dedicated rapper i post videos everyday to improve  i write/perform/record/mix/edit/post everyday  i do a verse everyday (16 bars)to improve i&#39;m doing it for 365 days a whole year to improve right now i&#39;m on day 46  if you guys can please like this comment so everyone can see it and follow me on my journey/watch me improve everyday SUBSCRIBE PLEASE I&#39;m lyrical and i keep it real  help me reach my dream,help me build a fan base,THANKS(:",1,1431,hey guy if you can please subscribe to my channel im a young dedicated rapper i post videos everyday to improve  i write perform record mix edit post everyday  i do a verse everyday     bars to improve i     m doing it for     days a whole year to improve right now i     m on day     if you guys can please like this comment so everyone can see it and follow me on my journey watch me improve everyday subscribe please i     m lyrical and i keep it real  help me reach my dream help me build a fan base thanks  ,1,"-1,-1,1"
LneaDw26bFvjY8Hcx4VMm_TW6lDgVntTQMvU8NjWnEU,FaZe MinEz,,SUBSCRIBE TO ME! I MAKE MUSIC!,1,1435,subscribe to me  i make music ,1,"-1,-1,1"
LneaDw26bFtE0-kLDaaiizhZVUyP1tE0FLTPo6TPFPY,Amir bassem,,subscribe me if u love eminem,1,1438,subscribe me if u love eminem,1,"-1,-1,1"
LneaDw26bFuR9smjLJUhkDMS-5WcFp80WGZVHVi9Tsw,Butter Forbes,,Hello. I only made ONE Eminem song on my channel. Could you guys just put A LIKE on it please? Don&#39;t need to subscribe. Thanks.,1,1455,hello  i only made one eminem song on my channel  could you guys just put a like on it please  don     t need to subscribe  thanks ,1,"-1,-1,1"
LneaDw26bFvgKZJfckgl7OJXXu6v0YtHfhlRTURbhdY,Ractive,,"hey guys if you guys can please SUBSCRIBE to my channel ,i&#39;m a young rapper really dedicated i post a video everyday ,i post a verse (16 bars)(part of a song)everyday to improve i&#39;m doing this for 365 days ,right now i&#39;m on day 41  i&#39;m doing it for a whole year without missing one day if you guys can please SUBSCRIBE and follow me on my journey to my dream watch me improve, it really means a lot to me  thank you (:, i won&#39;t let you down i promise(: i&#39;m lyrical i keep it real!",1,1456,hey guys if you guys can please subscribe to my channel  i     m a young rapper really dedicated i post a video everyday  i post a verse     bars  part of a song everyday to improve i     m doing this for     days  right now i     m on day     i     m doing it for a whole year without missing one day if you guys can please subscribe and follow me on my journey to my dream watch me improve  it really means a lot to me  thank you     i won     t let you down i promise   i     m lyrical i keep it real ,1,"-1,-1,1"
LneaDw26bFs3BLHRkaxpe2sWBWSCyXU7mlRbxEYSvQg,Greg Fils Aim√©,,"I hope everyone is in good spirits I&#39;m a hard working student who&#39;s also a passionate singer I look foward to the day when I can make my own music to share But for now I&#39;ve just been doing covers. Check out my channel, I&#39;ve done Covers of Miley Cyrus, Imagine Dragons, Lana Del Rey, Drake, Macklemore, Pink and countless others.  Subscribe only if you want to. My goal isn&#39;t to become famous but to  inspire FYI this isn&#39;t spamming, everyone has a right to freedom of speech. Thanks ",1,1459,i hope everyone is in good spirits i     m a hard working student who     s also a passionate singer i look foward to the day when i can make my own music to share but for now i     ve just been doing covers  check out my channel  i     ve done covers of miley cyrus  imagine dragons  lana del rey  drake  macklemore  pink and countless others   subscribe only if you want to  my goal isn     t to become famous but to  inspire fyi this isn     t spamming  everyone has a right to freedom of speech  thanks ,1,"-1,-1,1"
LneaDw26bFsdjmaguMUCSqsUShQZWX4FLU2c58BV1mM,diabeat diaBEAT,,I agree they are just damn spammers. They suck. Im trying to do the same and get known. I know the feeling. I will help you out and leave likes and comments on your page. I hope you could do the same and maybe subscribe to me that would be awesome thanks,1,1473,i agree they are just damn spammers  they suck  im trying to do the same and get known  i know the feeling  i will help you out and leave likes and comments on your page  i hope you could do the same and maybe subscribe to me that would be awesome thanks,1,"-1,-1,1"
LneaDw26bFuUhekP0nDAiaqnW5sf4OD14dIjY-1o63c,RapStarz Coleman,,Subscribe To M√™ Please Guys,1,1477,subscribe to m please guys,1,"-1,-1,1"
z13dfprydrvlvl4u323qy515dzzgtzeej,black tiger,2015-05-22T05:23:38.336000,i love u¬† shakiraÔªø,0,1478,i love u shakira,0,"1,-1,-1"
LneaDw26bFsPpgYyHcGAJk2dyALknpZ1ITQKBmY32HI,Chelsea Cameron,,*****PLEASE READ*****  Hey everyone! I&#39;m a 19 year old student  who loves to sing.  I record and upload covers on my channel. I would love if you could check them out.  Just give me a chance. You don&#39;t have to thumbs up or subscribe (But you can if you like what your hear)  Just listen. I&#39;d really appreciate.  ~THANK YOU for your time. ~,1,1479,     please read       hey everyone  i     m a    year old student  who loves to sing   i record and upload covers on my channel  i would love if you could check them out   just give me a chance  you don     t have to thumbs up or subscribe  but you can if you like what your hear   just listen  i     d really appreciate    thank you for your time   ,1,"-1,-1,1"
LneaDw26bFuULuFdET2q7Xmn9oRQXq3oLyk8736meZ0,Kate Hermamn,,Terrance. .thank you for serving our country. How do i &quot;like you&quot; or &quot;subscribe&quot;?,1,1484,terrance   thank you for serving our country  how do i  quot like you quot  or  quot subscribe quot  ,1,"-1,-1,1"
LneaDw26bFvuJSk9kaYj6_W0OBzf4mgoIFuYUzJMheY,Brandon Thaler,,Hey everyone check out my channel leave a like and subscribe please and if there is a song you want me to do post the name in the comments and I will get on to it(: Thanks,1,1486,hey everyone check out my channel leave a like and subscribe please and if there is a song you want me to do post the name in the comments and i will get on to it   thanks,1,"-1,-1,1"
LneaDw26bFu8afPj-GzbZYFHKXzdkhupARKxWs82nbQ,Dominic Randall,,Hi everyone. We are a duo and we are starting to record freestyles and put them on youtube. If any of you could check it out and like/comment it would mean so much to us because we love doing this. We may not have the best recording equipment but if you listen to our lyrics and rhymes I think you&#39;ll like it. If you do then please subscribe and share because we love making these videos and we want you to like them as much as possible so feel free to comment and give us pointers! Thank you!,1,1488,hi everyone  we are a duo and we are starting to record freestyles and put them on youtube  if any of you could check it out and like comment it would mean so much to us because we love doing this  we may not have the best recording equipment but if you listen to our lyrics and rhymes i think you     ll like it  if you do then please subscribe and share because we love making these videos and we want you to like them as much as possible so feel free to comment and give us pointers  thank you ,1,"-1,-1,1"
LneaDw26bFtLCuPUezUBnuN6f0sN3V3nso0Yllu9mKU,Terry-Lee Mackenney,,Hi Guys im an Upcoming Rapper if you could check out my channel and tell me what you think maybe subscribe or like i would really appreciate it all HATERS are welcome to :) thanks,1,1494,hi guys im an upcoming rapper if you could check out my channel and tell me what you think maybe subscribe or like i would really appreciate it all haters are welcome to    thanks,1,"-1,-1,1"
LneaDw26bFtHv3jHn8C0y5MliNA2oqkPogUL4HmsZPQ,Lil M,,Lil m !!!!! Check hi out!!!!! Does live the way you lie and many more ! Check it out!!! And subscribe,1,1520,lil m       check hi out      does live the way you lie and many more   check it out    and subscribe,1,"-1,-1,1"
LneaDw26bFv9y-1cf9oawnpCocMFtK6HXTRuoffJR2k,Complete Pranks,, Subscribe and like my video please,1,1532, subscribe and like my video please,1,"-1,-1,1"
LneaDw26bFs2eQd05L_J9wVmiBlCClqLnM0JUQsB-3Q,YungDreams,,Maybe no one will probably read this. But just in case you do Can You Put A &quot;Thumbs Up &quot;So Others Can See. I Just started rapping seriously (Type in Lunden- 1990 Video) just a simple button? can help my dreams come true. people will ignore this but if you don&#39;t can you listen and subscribe Thank you all God Bless.,1,1548,maybe no one will probably read this  but just in case you do can you put a  quot thumbs up  quot so others can see  i just started rapping seriously  type in lunden       video  just a simple button  can help my dreams come true  people will ignore this but if you don     t can you listen and subscribe thank you all god bless ,1,"-1,-1,1"
LneaDw26bFsnP4vz8waC3hOcYwvM83aoMLyetymm5Io,McCostaOficial,,subscribe to my channel who can,1,1561,subscribe to my channel who can,1,"-1,-1,1"
LneaDw26bFvJWycbUHAiKy7i7L14RqXWenvvcJhwbQE,David Bottenberg,,subscribe to my channel  /watch?v=NxK32i0HkDs,1,1573,subscribe to my channel   watch v nxk  i hkds,1,"-1,-1,1"
LneaDw26bFv4NFg1m91sL1Aq1p-2N06VweQT4vOwTqc,Ando Nesia - | MC | Music Producer,,DO YOU KNOW HOW SEAN KINGSTON GOT FAMOUS WHY DON&#39;T YOU LOOK IT UP KID BEFORE YOUR SO HARD ON YOURSELF!!  IF YOU HIT ME UP WITH A MESSAGE IN MY INBOX AND SUBSCRIBE I WILL CHECK OUT YOUR CHANNEL....SOUNDS FAIR TO ME.,1,1578,do you know how sean kingston got famous why don     t you look it up kid before your so hard on yourself    if you hit me up with a message in my inbox and subscribe i will check out your channel    sounds fair to me ,1,"-1,-1,1"
LneaDw26bFu3RCmyrWyP9S6wh1h9dBv3X95g1HzKAb4,Dany PK,,SUBSCRIBE TO MY CHANNEL X PLEASE!. SPARE,1,1581,subscribe to my channel x please   spare,1,"-1,-1,1"
z133stly3kete3tly22petvwdpmghrlli,Analena L√≥pez,2015-05-28T17:08:29.827000,shakira is best for worldcupÔªø,0,1590,shakira is best for worldcup,0,"1,-1,-1"
z12uujnj2sifvzvav04chpypvofvexpoggg,Sudheer Yadav,2015-05-28T10:28:25.133000,SEE SOME MORE SONG OPEN GOOGLE AND TYPE Shakira GuruOfMovieÔªø,1,1593,see some more song open google and type shakira guruofmovie,0,"1,-1,-1"
z135hlk5grfwjhmym04ced0gyzrvsn5avuw0k,Nirab Valobasha,2015-05-27T21:31:38.388000,I like shakira..Ôªø,0,1595,i like shakira  ,0,"1,-1,-1"
z121cvvqftuvuz1ld22pe3agcsepzhhtt,Chelsea Andrews,2015-05-27T20:43:10.162000,Shakira - Waka Waka <br />LOVE THIS SONG!!!!!!!!!!!!!!!Ôªø,0,1596,shakira   waka waka  br   love this song               ,0,"1,-1,-1"
z12yxbpp3rurin5wc04cf3sqmlrvwlhzgao,Golden Lion,2015-05-26T17:16:06.269000,Shakira is my favourite singer. WoooooÔªø,0,1614,shakira is my favourite singer  wooooo,0,"1,-1,-1"
z13lgjaxhnbzuxxmd22iyh24cwqqwpfiz04,Nimesh Nambiar,2015-05-26T03:17:53.672000,She&#39;s such an awesome entertainer. And pretty too! &lt;3 Shakira!Ôªø,0,1622,she     s such an awesome entertainer  and pretty too   lt   shakira ,0,"1,-1,-1"
z13ywdzqsnmjhts2v22qzrhpxzn5frizg04,Eidya Pal,2015-05-25T14:43:55.353000,i totally love this song. absolutely fantastic! i love ya shakira!Ôªø,0,1632,i totally love this song  absolutely fantastic  i love ya shakira ,0,"1,-1,-1"
z12csjyqqru3tvlcb22hz3vrrn3jzfzyg04,Thiago Andrade,2015-05-25T08:08:49.121000,Nice v√≠deo shakira goodÔªø,0,1637,nice vdeo shakira good,0,"1,-1,-1"
z12hsre40qqswblvg22kvlrhgznxul1xu04,JH Simene,2015-05-24T22:24:17.416000,Subscribe me please. i&#39;ll promise i&#39;ll sub backÔªø,1,1643,subscribe me please  i     ll promise i     ll sub back,1,"-1,-1,1"
z12uvzpw4tufgf2qw04chd5abu3uvf4rw5o,Eric Gonzalez,2015-05-24T15:35:03.844000,"To help shakira become the first female to hit 1billiom views, I&#39;ve decided to watch this Video at least one a day. Everyday! Shakifans we r so close just hit the replay button !!!Ôªø",0,1648,to help shakira become the first female to hit  billiom views  i     ve decided to watch this video at least one a day  everyday  shakifans we r so close just hit the replay button    ,0,"1,-1,-1"
z13rg14qosy3uvqz204cf1eaotyyjbyx1ec,Carmen W,2015-05-24T01:36:23.815000,I swear Shakira keeps getting more and more gorgeous! She definitely looks more gorgeous with her hair this way than super curly.Ôªø,0,1658,i swear shakira keeps getting more and more gorgeous  she definitely looks more gorgeous with her hair this way than super curly ,0,"1,-1,-1"
z12iyf2wkybwerg5104cddairnrzf5vwoog0k,Anastasia Trevla,2015-05-23T18:35:07.666000,I love  Shakira !!!!!! ‚ù§üéµüé∂üéºüé∏Ôªø,0,1663,i love  shakira        ,0,"1,-1,-1"
z13fyrra1pres5hbj04chzwabkels11pe5c,GamingWith Kim,2015-05-23T17:40:19.322000,&lt;3 this song so much.SHAKIRA YOUR A REALLY GOOD ARTIST.Ôªø,0,1665, lt   this song so much shakira your a really good artist ,0,"1,-1,-1"
z13cw35rwznvud1jt04cgl4zfpaqxj2z4qg0k,Raphael Lipusch,2015-05-23T17:07:04.122000,I love shakira<br />‚ù§‚ù§‚ù§‚ù§Ôªø,0,1666,i love shakira br   ,0,"1,-1,-1"
z13isvpjcwadtnxfa23sdd0ipp20wzxdd,rtfamily,2015-05-23T16:45:03.492000,"Definitley the song for 2010 when im not listening to gypsy SHAKIRA ROCKS<br /><span class=""proflinkWrapper""><span class=""proflinkPrefix"">+</span><a class=""proflink"" href=""https://plus.google.com/101721377578919894134"" oid=""101721377578919894134"">shakiraVEVO</a></span>Ôªø",1,1667,definitley the song for      when im not listening to gypsy shakira rocks br    span class  proflinkwrapper   span class  proflinkprefix     span  a class  proflink  href  https   plus google com                        oid                         shakiravevo  a   span ,0,"1,-1,-1"
z12ps3yhzryuzlg4504cezaxkwrjx3cpkgg,Hidayet √ñzsoy,2015-05-23T10:46:16.850000,"Shakira you are so beautiful. You are lovely, lively.. We love you.Ôªø",0,1672,shakira you are so beautiful  you are lovely  lively   we love you ,0,"1,-1,-1"
z12zujgautikhxpn122mixwjkwavuldmd,alejandro rojas,2015-05-23T03:50:04.006000,Oh my god go to 1 billion of replay i love shakiraÔªø,0,1680,oh my god go to   billion of replay i love shakira,0,"1,-1,-1"
z12ijbn5grjidp3vj23psvhyjvv2djpol04,Angie Vazquez,2015-05-23T02:51:23.999000,I love this song &amp;I love shakira&lt;333‚ô°‚ô°‚ô°‚ô°‚ô°‚ô°‚ô°‚ô°‚ô°‚ô°‚ô°„Ää33‚òÜ‚òÜ‚òÜÔªø,0,1682,i love this song  amp i love shakira lt      ,0,"1,-1,-1"
z134y1ki5svvwt43i23wz5kqsxmaettuu,AlabaGames,2015-05-22T00:31:43.922000,Subscribe my channel ¬†I RECORDING FIFA 15 GOALS WATCH NOW :DÔªø,1,1694,subscribe my channel i recording fifa    goals watch now  d,1,"-1,-1,1"
z13chhog1nbldb2xp04cgtkxcx35z1djpf0,Free Video Tv,2015-05-21T21:15:41.869000,subscribe to me and I wil subscribe to you backÔªø,1,1696,subscribe to me and i wil subscribe to you back,1,"-1,-1,1"
z12muzijetuwf3qgm04ce1nafxvtj535ao40k,Trollsif Stalin,2015-05-21T01:05:19.225000,"I believe that soccer promotes terrorism. Bad choice, Shakira.Ôªø",0,1709,i believe that soccer promotes terrorism  bad choice  shakira ,0,"1,-1,-1"
z12xi1iaory1jvmlu23xfrayazjrv3jlj,Lili‚ô•,2015-05-20T17:20:19.177000,"Shakira is different :) She is so happy all the time and she is spending for Africa :)<br />She can dance , sing and she speaks 4 languagesÔªø",0,1712,shakira is different    she is so happy all the time and she is spending for africa    br   she can dance   sing and she speaks   languages,0,"1,-1,-1"
z131uprw3qv4w5iou04cjbbgtvjedpoonvs0k,Ruchira Naidu,2015-05-20T14:34:27.224000,"Help shakira&#39;s waka waka be the first song by a female artist to reach 1 billion views.<br />(dark horse is ahead by roughly 100 million more views, and roar has only 50 million more views)<br /><a href=""https://www.youtube.com/watch?v=pRpeEdMmmQ0"">https://www.youtube.com/watch?v=pRpeEdMmmQ0</a>Ôªø",1,1717,help shakira     s waka waka be the first song by a female artist to reach   billion views  br    dark horse is ahead by roughly     million more views  and roar has only    million more views  br    a href  https   www youtube com watch v prpeedmmmq   https   www youtube com watch v prpeedmmmq   a ,0,"1,-1,-1"
z12guhfqxzvgy3sxc04ccblrqxbmvperiqg0k,vimal singhania,2015-05-20T09:48:09.938000,SHAKIRA SONG WAKA WAKAÔªø,0,1719,shakira song waka waka,0,"1,-1,-1"
z12bf3fptyfkzh44n04cdbxbnyanujcy2u00k,Dara O,2015-05-20T02:39:10.745000,So underrated better<br />Than  Katy perry :/ but in not saying Katy is bad but she has no meaning to her songs. Shakira has<br />Meaningful songs these are the songs which bring memories and vibe&#39;s. I will miss it.   <br />   Ôªø,0,1720,so underrated better br   than  katy perry    but in not saying katy is bad but she has no meaning to her songs  shakira has br   meaningful songs these are the songs which bring memories and vibe     s  i will miss it     br      ,0,"1,-1,-1"
z13oc3rzqy2pwxors04cflibxy2zutsakz40k,Kalle Eklund,2015-05-19T23:29:31.994000,"Hi, nice song Shakira! (Sorry for bad Brazilian)Ôªø",0,1725,hi  nice song shakira   sorry for bad brazilian ,0,"1,-1,-1"
z12yhleh5k2lcxtr304chn2gatiwur3xhz40k,Lizle Productions,2015-05-16T11:33:22.322000,Top three Shakira songs (my choice) <br /><br />1- Waka Waka (it&#39;s time for Africa)<br /><br />2- Can&#39;t remember to forget you <br /><br />3- Empire<br /><br />Like this comment if u like Shakira Ôªø,1,1734,top three shakira songs  my choice   br    br      waka waka  it     s time for africa  br    br      can     t remember to forget you  br    br      empire br    br   like this comment if u like shakira ,0,"1,-1,-1"
z13lwva51nepgdxi404ceffbmqnfgje410c,‚Ä´ÿßŸÜÿ≥ ÿßŸÑÿ∫ÿßŸÖÿØŸä‚Ä¨‚Äé,2015-05-09T00:09:35.368000,Pleas subscribe my channel GamezZMTAÔªø,1,1740,pleas subscribe my channel gamezzmta,1,"-1,-1,1"
z13axdfy2v21eltyr04cib5jvzz3etij0g0,GamezZ MTA,2015-05-09T00:08:26.185000,Pleas subscribe my channelÔªø,1,1741,pleas subscribe my channel,1,"-1,-1,1"
z12rvnaqcprqe1jmt23fynpy0ziidrrzg04,joory amora,2015-05-09T00:07:53.422000,Pleas subscribe GamezZ MTA my channel<br />Ôªø,1,1742,pleas subscribe gamezz mta my channel br   ,1,"-1,-1,1"
z12ohx343rfzs3nmz22rfnzbkqvqtnxwt04,CliP ArT shoW,2015-05-06T07:40:02.079000,Subscribe and Win a CAP<br />       ‚òÜ‚òÜ‚òÜ‚òÜ‚òÜÔªø,1,1745,subscribe and win a cap br          ,1,"-1,-1,1"
z13asbvq1n2ttvptn23vd1mpsmnju5n0o,GALAXIAN HD,2015-04-26T17:36:25.815000,i am from Brazil please subscribe my channel love you allÔªø,1,1749,i am from brazil please subscribe my channel love you all,1,"-1,-1,1"
z13szlz5sp2zw3fxc04cc3nbhlmjxnphivg0k,Robloxia Asap,2015-04-25T19:54:03.298000,Could Spanish people understand this?<br /><br />Any way&#39;s I how you doing subscribe to me I brake things<br /><br />-_-Ôªø,1,1750,could spanish people understand this  br    br   any way     s i how you doing subscribe to me i brake things br    br      ,1,"-1,-1,1"
z12gj5gi4leawfcni225jty5wzvecj53m,Jet Lee,2015-04-23T08:08:38.925000,There are beautiful songs please subscribeÔªø,1,1754,there are beautiful songs please subscribe,1,"-1,-1,1"
_2viQ_Qnc6_NsO9XDTWC1TlbTRevVI-QGIqkXxuyl60,AllDailyVines,2013-11-03T12:11:52.335000,hahahahah ‚ô•‚ô•‚ô•‚ô• :D like vines ?  Subscribe to me for daily vines,1,1759,hahahahah   d like vines    subscribe to me for daily vines,1,"-1,-1,1"
_2viQ_Qnc6-FlNdROU4zIseFCr76DMg7l8N-trEo764,real money,2013-10-30T15:55:56.097000, subscribe to my feed,1,1763, subscribe to my feed,1,"-1,-1,1"
_2viQ_Qnc6_1RPym_S70n6Rv617-TI9Z8GVhGlwXs_I,AllDailyVines,2013-10-28T00:00:12.526000,:D subscribe to me for daily vines,1,1764, d subscribe to me for daily vines,1,"-1,-1,1"
_2viQ_Qnc6-awsV_zO5HWBhiYFzj5-4qgeeFv1iJwRU,Ferdi David,2013-10-25T11:26:10.848000,we are 14 year old boys we are trying to enter in the music industry Maybe we are just a dreamers but we are not the? only one. Please give us one chance to prove ourself to you. we know these things are annoying as hell we are sorry? about that. But we do anything to get music heard. Please visit our channel subscribe if you like and thumb this comment up so everyone can see we have made a song called: I Wanna Play A Game please take a look on our channel Thankss!!!,1,1767,we are    year old boys we are trying to enter in the music industry maybe we are just a dreamers but we are not the  only one  please give us one chance to prove ourself to you  we know these things are annoying as hell we are sorry  about that  but we do anything to get music heard  please visit our channel subscribe if you like and thumb this comment up so everyone can see we have made a song called  i wanna play a game please take a look on our channel thankss   ,1,"-1,-1,1"
_2viQ_Qnc69HTQ21lx0wtZ4TFYSpc_gMDApvlQt0q8o,Ishfaq khan,2013-10-21T07:18:41.460000, plz i wilsubscribe me frndzzl subscribe u back,1,1768, plz i wilsubscribe me frndzzl subscribe u back,1,"-1,-1,1"
_2viQ_Qnc6_KD8seCZD8AcEirg_4NEFXuEO1fKw3lmY,VideoPro,2013-10-20T20:52:44.901000,SUBSCRIBE ME AND I REQUITE,1,1770,subscribe me and i requite,1,"-1,-1,1"
_2viQ_Qnc6_qs30Ph_whafzKoWVyh_xIYpN3-7U_VmA,high tems,2013-10-12T09:13:19.285000,subscribe  my,1,1784,subscribe  my,1,"-1,-1,1"
_2viQ_Qnc6_eMN0NwT5paySjJPFbN5xI9W8C1Bwoq1U,WhatUKnow,2013-10-07T02:59:17.497000,Subscribe to my Youtube Channel!! :) Suscribite a mi canal de Youtube -WhatUKnow,1,1791,subscribe to my youtube channel      suscribite a mi canal de youtube  whatuknow,1,"-1,-1,1"
_2viQ_Qnc68DyUSaxqDmv-6yHPVUpKeYAZhrh2PUMZg,jameskileymusic,2013-10-06T05:38:47.524000,Check out my bass cover of hips don&#39;t lie by shakira!,1,1792,check out my bass cover of hips don     t lie by shakira ,0,"1,-1,-1"
_2viQ_Qnc6-TLlBlT0itl1DbMJQGBx_6ZbscBXA3Nww,WhatUKnow,2013-10-06T03:24:16.073000,Subscribe to my channel :)  &lt;3,1,1793,subscribe to my channel      lt  ,1,"-1,-1,1"
_2viQ_Qnc69JZ1f3TJQWKMLhmdP0inDDPwOvzMQiFjE,Su Xianfeng,2013-10-05T11:54:10.192000,subscribe now!!!!!! love the song!!!!!! love football!!!,1,1795,subscribe now       love the song       love football   ,1,"-1,-1,1"
_2viQ_Qnc6_lxLB2IBIspObma9o3R5-8SwQnc8zq9Sk,Alain Bruno,2013-10-04T14:24:49.500000,Shakira is perfect,0,1806,shakira is perfect,0,"1,-1,-1"
_2viQ_Qnc680Rh_y5Dlwtkr_llWVOG7ZQdmNVip_dno,Minh L√Ω,2013-10-02T12:15:58.210000,i like and love so much people all friends..... I love Shakira ^^,0,1822,i like and love so much people all friends      i love shakira   ,0,"1,-1,-1"
_2viQ_Qnc6-pgdb3FeyKxBCq6-zYy7OAn_tWkX5Xgz4,Chris Williams,2013-10-02T07:50:13.051000,Shakira I love you,0,1824,shakira i love you,0,"1,-1,-1"
_2viQ_Qnc6_umVgV0fI-CSScDHuFxNHIVvezCGhajW8,Alain Bruno,2013-10-02T04:01:20.922000,Shakira is very beautiful,0,1826,shakira is very beautiful,0,"1,-1,-1"
_2viQ_Qnc6-TMFClPlfFIBHdy_HbPbLyMhBsuEz5Lj8,Trang Le,2013-10-02T00:48:17.158000,Shakira voice sound spanish but that is what make the music sound amazing ‚ô•I LOVE IT,0,1831,shakira voice sound spanish but that is what make the music sound amazing i love it,0,"1,-1,-1"
_2viQ_Qnc69A12xULkAOn5BEAGFKxQTTP02SSbsMsmc,Vincent T.,2013-09-29T00:44:30.904000,"Echa un vistazo a la remezcla! / Check out the remix!  MILEY CYRUS - WRECKING BALL (THE HOUSE OF EDM REMIX)  MILEY CYRUS - WRECKING BALL (VINCENT T. REMIX)  ...click, enlace, suscr√≠base! / ...click, link, subscribe!",1,1835,echa un vistazo a la remezcla    check out the remix   miley cyrus   wrecking ball  the house of edm remix   miley cyrus   wrecking ball  vincent t  remix      click  enlace  suscrbase       click  link  subscribe ,1,"-1,-1,1"
_2viQ_Qnc6_rdI1pDiJrFRv9uqSk3MizTk-rQeALntU,Noise‚ÄãBreak,2013-09-21T22:11:23.900000,Subscribe &amp; Like /watch?v=5tu9gN1l310,1,1838,subscribe  amp  like  watch v  tu gn l   ,1,"-1,-1,1"
_2viQ_Qnc69uhVbXr8SjkhLHu7T1HOxqrEF1f6h8vUA,Finuccsi Aka csincsilla3M,2013-09-21T15:43:40.171000,/watch?v=Dtqcftr1Fac JUSTIEN BIEBER CAR 2013. LIKE&amp;SUBSCRIBE,1,1839, watch v dtqcftr fac justien bieber car       like amp subscribe,1,"-1,-1,1"
_2viQ_Qnc6_B7ncS0M0zl0VC4SZ22T1ZO_GNhI1IWTM,Greg Fils Aim√©,2013-09-10T23:18:01.455000,"I hope everyone is in good spirits I&#39;m a hard working student who&#39;s also a passionate singer I look foward to the day when I can make my own music to share But for now I&#39;ve just been doing covers. Check out my channel, I&#39;ve done Covers of Miley Cyrus, Imagine Dragons, Lana Del Rey, Drake, Macklemore, Pink and countless others.  Subscribe only if you want to. My goal isn&#39;t to become famous but to  inspire FYI this isn&#39;t spamming, everyone has a right to freedom of speech. Thanks ",1,1842,i hope everyone is in good spirits i     m a hard working student who     s also a passionate singer i look foward to the day when i can make my own music to share but for now i     ve just been doing covers  check out my channel  i     ve done covers of miley cyrus  imagine dragons  lana del rey  drake  macklemore  pink and countless others   subscribe only if you want to  my goal isn     t to become famous but to  inspire fyi this isn     t spamming  everyone has a right to freedom of speech  thanks ,1,"-1,-1,1"
_2viQ_Qnc69FP_GeK2URWIx47LwY10_rRmCqfFk0_Uc,Frans Kraanen,2013-09-06T15:57:09.812000,"I want to see Shakira, not football :)",0,1857,i want to see shakira  not football   ,0,"1,-1,-1"
_2viQ_Qnc68d0oIh4oQZVITOixgFDyWwZLzk0gK604I,arribasinaloa Beltran,2013-09-05T19:25:33.583000,shakira is the best!,0,1867,shakira is the best ,0,"1,-1,-1"
_2viQ_Qnc69AVbPU2gXuoLiAOr6muFqsr7sm17CjhX4,Maika Kate Mish Linn,2013-08-31T08:56:12.507000,:) I&#39;ll subscribe to you. You look Nice :),1,1878,   i     ll subscribe to you  you look nice   ,1,"-1,-1,1"
_2viQ_Qnc68kPR6lRkhBHXUX2dGt04-4RgzINpv8Yhk,Ando Nesia - | MC | Music Producer,2013-08-25T04:22:28.183000,SO THEN HOW ARE YOU GOING TO CALL YOURSELF A INSTRUMENTAL SONGWRITER IF THERES NO SINGING THERES NO SONG TO WRITE!?!?! LOL.   YOU GOT ALOT TO LEARN KID BUT HEY DON&#39;T FORGET TO SUBSCRIBE!,1,1885,so then how are you going to call yourself a instrumental songwriter if theres no singing theres no song to write      lol    you got alot to learn kid but hey don     t forget to subscribe ,1,"-1,-1,1"
_2viQ_Qnc6-lW0XpQ5szMbbKcq0fuK2p4lDhPbQpGn0,CC FootballWorld,2013-08-24T12:41:23.384000,Please go in and see our Channel and subscribe :-). It would be Nice mate.,1,1887,please go in and see our channel and subscribe      it would be nice mate ,1,"-1,-1,1"
_2viQ_Qnc6_nI97BKqkdeX9pbSkcDCWrg5cDb74C7kk,Gotcha Laughs,2013-08-19T17:21:29.806000,Wanna Laugh??? Please SUBSCRIBE to our channel!!!,1,1892,wanna laugh    please subscribe to our channel   ,1,"-1,-1,1"
_2viQ_Qnc6_HD2WpfyqvoRqTXGoLMA_zfTPGbWKrYyw,Bernice Anne,2013-08-16T18:33:18.009000,"Could you please check out my covers on my channel? I do covers like Adele, Kodaline, Imagine Dragons...and more. Please if you could spare a few minutes,  could you have a listen to one or two of my covers , Feel free to comment and subscribe :) Thank you! ",1,1894,could you please check out my covers on my channel  i do covers like adele  kodaline  imagine dragons   and more  please if you could spare a few minutes   could you have a listen to one or two of my covers   feel free to comment and subscribe    thank you  ,1,"-1,-1,1"
_2viQ_Qnc6-MfwtDpLuGhWQ2o-4TN6bmxidyzSzQuc0,DynamicDesignStudios,2013-08-15T22:17:46.329000,"Hello everyone :) I know most of you probably pass up these kind of comments, but for those who are still reading this, thanks! I don‚Äôt have any money for advertisements, no chance of getting heard, nothing... If this comes off as spam, sorry. I am a video animator, just trying to make it up into the video animation industry. Please give me the chance to prove myself to you. Please visit my channel, subscribe if you like and thumb this comment up, so everyone can see! Thank You! ",1,1897,hello everyone    i know most of you probably pass up these kind of comments  but for those who are still reading this  thanks  i dont have any money for advertisements  no chance of getting heard  nothing    if this comes off as spam  sorry  i am a video animator  just trying to make it up into the video animation industry  please give me the chance to prove myself to you  please visit my channel  subscribe if you like and thumb this comment up  so everyone can see  thank you  ,1,"-1,-1,1"
_2viQ_Qnc69datZTHIa2E_Ejo2gIk6WmZJJUiCSMLTw,DynamicDesignStudios,2013-08-15T19:58:19.748000,"Hello everyone :) I know most of you probably pass up these kind of comments, but for those who are still reading this, thanks! I don‚Äôt have any money for advertisements, no chance of getting heard, nothing... If this comes off as spam, sorry. I am a video animator, just trying to make it up into the video animation industry. Please give me the chance to prove myself to you. Please visit my channel, subscribe if you like and thumb this comment up, so everyone can see! Thank You! ",1,1898,hello everyone    i know most of you probably pass up these kind of comments  but for those who are still reading this  thanks  i dont have any money for advertisements  no chance of getting heard  nothing    if this comes off as spam  sorry  i am a video animator  just trying to make it up into the video animation industry  please give me the chance to prove myself to you  please visit my channel  subscribe if you like and thumb this comment up  so everyone can see  thank you  ,1,"-1,-1,1"
_2viQ_Qnc6_Zg0GECxJ4iGuOCFBrzjOBZguGqOhU5ms,DJ ROY,2013-08-14T21:07:42.306000,"Hey youtubers... I really appreciate all of you who took the time, to read this, I am just a 19 year old boy who wants to be a successful musician in the music world. I dont have any money to advertise my channel, If you could just visit my channel, comment on my video or subscribe, that would be great.... It will only be few seconds of your life..... Thank u to all the people who just gave me a chance l really appreciate it  ",1,1899,hey youtubers    i really appreciate all of you who took the time  to read this  i am just a    year old boy who wants to be a successful musician in the music world  i dont have any money to advertise my channel  if you could just visit my channel  comment on my video or subscribe  that would be great     it will only be few seconds of your life      thank u to all the people who just gave me a chance l really appreciate it  ,1,"-1,-1,1"
_2viQ_Qnc69swE48B0wgwJijgdZ2KbSVUK5TSpqoYDg,Mazacar Cfc,2013-08-13T20:01:56.702000,subscribe to my pagee please.,1,1900,subscribe to my pagee please ,1,"-1,-1,1"
_2viQ_Qnc69TuQDH0yVDsXPiyJCNNBrDiYhDY66Xu8g,Stan≈°a Matej,2013-08-13T19:18:54.893000,please subscribe to my page. thanks.,1,1901,please subscribe to my page  thanks ,1,"-1,-1,1"
_2viQ_Qnc6978LweIjWZsjP3qK1bgFSYyumKWxPsq_I,Titan,2013-08-08T21:16:25.626000,"Subscribe me, I will? subscribe you back!!!",1,1904,subscribe me  i will  subscribe you back   ,1,"-1,-1,1"
_2viQ_Qnc6812QtCcbHa3ZgmjznXhr0Ar324LJpkSHE,Titan,2013-08-08T21:15:36.040000,"Subscribe me, I will? subscribe you back!!!",1,1905,subscribe me  i will  subscribe you back   ,1,"-1,-1,1"
_2viQ_Qnc6_QPhRwA4ZFbviXqXHvKyKJb7UivUZFUH0,TheEpicMixx':)x,2013-08-08T14:54:45.831000,Please.. Check my channel out:) I subscribe back..;),1,1906,please   check my channel out   i subscribe back    ,1,"-1,-1,1"
_2viQ_Qnc69bp77hGJ6em0Gm1Fg_TLmNoUuS_ydlofg,TheEpicMixx':)x,2013-08-08T13:34:40.655000,I really ask nicely to view my vids:) I subscribe back..,1,1907,i really ask nicely to view my vids   i subscribe back  ,1,"-1,-1,1"
_2viQ_Qnc6-LyNEXRld9VERRpRICrMPNxpnGjL8ZsF4,DJ ROY,2013-08-02T21:02:09.931000,"Hey youtubers... I really appreciate all of you who took the time, to read this, I am just a 19 year old boy who wants to be a successful musician in the music world. I dont have any money to advertise my channel, If you could just visit my channel, comment on my video or subscribe, that would be great.... It will only be few seconds of your life..... Thank u to all the people who just gave me a chance l really appreciate it  ",1,1911,hey youtubers    i really appreciate all of you who took the time  to read this  i am just a    year old boy who wants to be a successful musician in the music world  i dont have any money to advertise my channel  if you could just visit my channel  comment on my video or subscribe  that would be great     it will only be few seconds of your life      thank u to all the people who just gave me a chance l really appreciate it  ,1,"-1,-1,1"
_2viQ_Qnc6-F0FnQlt7edQt9rRqV7Clx74E8hyKAVt0,BDOG1040,2013-07-25T05:45:57.646000,SUBSCRIBE MY CHANNEL,1,1921,subscribe my channel,1,"-1,-1,1"
z12xc3ly4x3uttmci22xff24nqqxwb0je04,Lisa Matthews,2013-07-17T13:56:03.233000,Check out this video on YouTube:<br />&quot;This Time for Africa&quot;. One for Trayvon!  And Our MOTHERland<br />Thank-you ShakiraÔªø,1,1935,check out this video on youtube  br    quot this time for africa quot   one for trayvon   and our motherland br   thank you shakira,0,"1,-1,-1"
_2viQ_Qnc6_1Hq9MGlefkBIszt9rYD3S_CozADvMhQ4,Dinova Sharon,2013-07-13T14:44:00.700000,well done shakira,0,1948,well done shakira,0,"1,-1,-1"
_2viQ_Qnc6_yBt8UGMWyg3vh0PulTqcqyQtdE7d4Fl0,Aishlin Maciel,2013-07-13T11:17:52.308000,Shakira u are so wiredo,0,1952,shakira u are so wiredo,0,"1,-1,-1"
_2viQ_Qnc685RPw1aSa1tfrIuHXRvAQ2rPT9R06KTqA,Latin Bosch,2013-07-12T22:33:27.916000,Shakira is the best dancer,0,1953,shakira is the best dancer,0,"1,-1,-1"
