comment_id,author,date,text,expected_label,model_pred,vectors,signal_strength
z13qh3azhtvkvbypn04cflwaxoz5x51bip00k,Googles top ten pics,2014-11-06T05:26:28,katy perry   roar  official   http   youtu be cevxzvsjlk   i love this song  and video katy perry rocks wahoo  ,0,1,"0,-1,0,-1,-1,1,1,0,1",6
z12uwdpwjlnrvvuri04chd4ojrfrhvzjjls0k,Marie farias,2014-10-28T18:10:39,love it when i can relate to my daughter s music      katy perry   roar   official   http   youtu be cevxzvsjlk ,0,1,"-1,-1,0,-1,-1,1,1,0,1",5
z13heluw2l21yhgov04ce5h53u2mhz4joes,ItstheSauce92,2014-07-23T05:22:52.881000,no one makes me wanna party like lmfao does    i just wanna rage every time one of these songs comes on  the only other band that does that is  quot on the rocks inc  quot  those kids know how to party,0,1,"0,-1,-1,-1,-1,-1,1,0,1",4
z13gwzgyuqaruxcg304ch5lwdwb0wtiztaw,tori strong,2015-05-25T01:56:04.076000,love the way you lie featuring rhianna  hes an awesome rapper    shes an awesome singer   ,0,1,"-1,-1,0,-1,-1,-1,1,0,1",4
z12pdlwxuwmktfmoq04civd5ypmzv5np0os0k,Maryam Yassine,2014-10-08T12:39:49,omg i love you katy parry your songs rock                  thats a total  subscribe,0,1,"0,-1,0,-1,-1,-1,1,-1,1",4
z13wxrja2ny2jfq0r22ojhwwdpimt5ogu04,Chloe Steiner,2014-09-16T04:11:05,katy perry is part of me katy perry is my firework katy perry  i love you,0,1,"-1,-1,0,-1,-1,-1,1,0,1",4
z135drnwswvsgvkyq04cfjh4xpb3cn2hugg,Sam Klein,2014-08-31T03:52:29,she named the tiger kitty purry  no  seriously  she did  check the video ,0,1,"-1,1,-1,-1,-1,-1,0,0,0",4
z12cvzca1qi3frejt04chrbhzsekxxopids,Paola Zelaya Deras,2014-11-07T01:17:29,this song is so awesome   she made everything stand out and all the viewers  could imagine themselves at the setting of the video  awesome job katy  perry    ,0,1,"0,-1,-1,-1,-1,-1,1,1,0",4
z13fhbspolbawj5tn22bsbw5ynvlt1kku,Paul Crowder,2015-05-27T00:33:53.183000,this will always be my favorite song br   but my favorite part is  a href  http   www youtube com watch v kq zr kcpj  amp t  m  s        a   a href  http   www youtube com watch v kq zr kcpj  amp t  m  s        a  in the video ,0,1,"0,-1,-1,-1,-1,1,0,-1,1",4
z12jj5kyfrjjhbq4e04cenuj1yyifhxq3hw,LuckyMusiqLive,2014-09-25T22:54:00,katy is beautiful  and this song is catchy  i m a rapper with        subscribers   thumbs up if you hate when you take a shit and the water  splashes your balls,1,0,"0,-1,-1,-1,-1,-1,0,1,0",4
LneaDw26bFuP3B-am8XnZ--Od7F-JAwYOX4wwSK6Z64,volleyballspikerable,,finally someone shares the same opinion as me  i     ve tried really hard to like gangnam style but i just can     t  i don     t even get the dance either  a song like this should be more popular than gangnam style  at least it makes sense ,1,0,"0,-1,-1,-1,-1,-1,0,0,0",4
z121i1eqppzph3eod04cixfgwknydnfzq3k,railn j sander,2015-05-26T05:32:15.041000,i guss this song is one of my worst fears in life  to be with someone who abusive towered me and live with him     ,0,1,"0,-1,-1,-1,-1,-1,1,0,1",4
z13ye1jj0nmftp3bm04cetp5krufcxpyyg4,Ellen Hamilton,2015-05-26T03:40:15.595000,made five years ago and people still don     t understand the message this song is conveying  for those of you who don     t  understand that domestic violence is no game  women like the fictional one in this video do exist  living their lives with a man who abuses her  but still chooses to stay for not the love  but for the sexual feeling he gives her  this is quite sad  actually  ,0,1,"0,-1,0,-1,-1,-1,-1,1,0",4
z12vzxcymvqtyrx3s22hi5ep1yq5cvmld,roflcopter2110,2014-09-19T23:18:41,http   thepiratebay se torrent          the expendables        dvdscr leaked clean xvid mp  rarbg ,1,0,"-1,-1,-1,-1,-1,1,0,0,1",4
z12gy5tb2kase1nix04cipry3mf1wh5grko0k,Ruddy Tapia,2014-01-20T17:58:46,get gwar to play      superbowl  http   www change org petitions the national football league allow gwar to perform the      super bowl halftime show share ,1,0,"-1,-1,-1,-1,-1,1,0,0,1",4
z13osfxhtkfmwpxue234z3wimzmcs1k2x,Stefano Albanese,2014-11-02T12:04:36,http   www guardalo org best of funny cats gatti pazzi e divertenti                            ,1,0,"-1,-1,-1,-1,-1,1,0,0,1",4
z12axnji5w2axxht522thb3bktvqjdlbp04,zhichao wang,2013-11-29T02:13:56,i think about     millions of the views come from people who only wanted to  check the views,0,1,"-1,1,-1,-1,-1,-1,0,0,0",4
z12yhleh5k2lcxtr304chn2gatiwur3xhz40k,Lizle Productions,2015-05-16T11:33:22.322000,top three shakira songs  my choice   br    br      waka waka  it     s time for africa  br    br      can     t remember to forget you  br    br      empire br    br   like this comment if u like shakira ,1,0,"0,-1,-1,1,-1,-1,-1,1,0",4
_2viQ_Qnc6_pJLNSe-ysm1Q4pDNKWrl6EWw0cSIBV14,Ali Reza Nipu,2013-11-05T06:23:41.092000,i really love watching football and also ive started off making income with out financial risk from acquiring bonus deals  its this weird technique where you wager on something with one bookmakers and bet against it on betfair  you secure the bonus as income   a chap named jim vanstone is finding the wagers free on his own website vanstone secrets  google it    ive made about     quid thus far  and it is cost free  i guess the bookies pay him to obtain new consumers  yet this actually works ,1,0,"-1,-1,0,-1,-1,-1,0,0,0",4
z12kh3rhbs3duzfea23hzf1qhlyuextzx04,Bobby Carlos,2014-11-06T16:30:30,lets be honest  you wouldn t last   day on your own in the jungle  stop  living n a fairy world ,0,1,"-1,-1,-1,-1,-1,-1,1,0,1",3
_2viQ_Qnc69wrsSgR2azuokmk5-WDQVVI2lCV-WqJGA,Hadrien Robalo Marques,2013-10-05T22:31:44.181000,the britishs called that soccer but you know the true word is football and the us foot is called rugby  that works like that in euw   germany  netherland  france  portugal  belgium  spain        just because the britishs don     t agree to be like us because they are unique  that     s the reason why they also refused to have euro    as money,1,0,"-1,-1,-1,-1,-1,-1,0,0,1",3
z12yehjxukfljxa2x23iyhoqjna4zp0mi,Bruno Alderete,2014-11-02T14:15:55,everybody please vote katy at ema             best song  best female best pop best live best look  best video  please vote katy       please please please       vote vote vote       katy katy katy      ,1,0,"0,-1,-1,-1,-1,-1,-1,0,1",3
z12kj5iz2obvunpm222oynsjrnmvjhkvj,LuckyMusiqLive,2014-10-30T17:58:18,this song gives me strength  love her lyrics  this video really brings the  lyrics to life  i m getting known fast because i rap with meaning   thumbs  up if you piss next to the water in the toilet so its quiet   ,1,0,"0,-1,0,-1,-1,-1,-1,-1,1",3
_2viQ_Qnc6_7GI-VeVlj8gEzvkgATIX3jK-7J1kwWEY,Pyles Baxter,2013-10-03T00:21:52.191000, i really can     t comprehend miley cyrus   she actually is a high profile and she tapes herself banging today a video was leeched with her sucking and fucking the video has been posted at the celebrity website under    miley celeb news co uk ,1,0,"-1,-1,-1,-1,-1,-1,0,0,0",3
z13pwzyitx2sgz1w504cdlq4bxa5uvsqf0g,Emily Thrun,2014-10-27T21:59:07,put famous people in the jungle for an hour and look what happens ,0,1,"-1,-1,-1,-1,-1,-1,0,1,1",3
z13wd3dwlrifgl3mj22vcdci0yiaubueb,Hermen De Greef,2015-05-22T21:46:43.778000,yea stil the best wk song ever br   thumbs up of you think the same br   ,1,0,"0,-1,-1,-1,-1,-1,-1,0,0",3
z13xuxwywsewv3dvu23jgfig3um3ct5vv,KatyPerry TheQueenOfPop,2014-10-24T06:05:07,   attention   we need    million views more for firework to reach    m    we have only   and half day left for katy s birtgday  listen how it could be possible    gt  gt just open different tabs from different browser  gt  gt dont watch full video  remember we dont have time on hand  its time wasting  view it only for    sec  plz thumbs up and share,1,0,"-1,-1,-1,-1,-1,-1,0,1,0",3
z12hxjxqlu2bifvq204cgbggameftpswvfw,Paul Lewis,2014-11-07T15:05:25,     because i am a champion   and you re gonna hear me roar     today i am my own champion  today i am a champion for the creator  today i am doing positive in my world today i am blessing and healing all around me today i am successful and  creating success  ,0,1,"-1,-1,-1,-1,-1,-1,1,0,1",3
z12kulnquwqogxxj104chtgr4vbxvt4zg5k,Rick Casse,2014-10-15T05:00:50,vote for katy for the emas   katycats  http   tv mtvema com artists katy perry i  xh ,1,0,"-1,-1,-1,-1,-1,1,-1,0,0",3
z12auv0iwzukvnvf322vsd2y0pnpw5ure04,Feredea SJ,2014-10-13T09:03:58,i love katy fashions tiger  care to visit my blog sinar jahitan  i also have the tiger collections tqvm,1,0,"-1,-1,0,-1,-1,-1,0,-1,1",3
z12auh0b1vajetih404cfbl5uyfehpi4kb4,fortune kitty52,2014-10-11T11:26:00,since when has katy perry had her own youtube channel ,0,1,"-1,-1,-1,-1,-1,-1,0,1,1",3
_2viQ_Qnc69mci30y5muwQXNMaeCmIvZ4ca8l_4zPmA,Johnny Rei Vlog,2013-07-19T11:41:54.923000,nice to meet you   this is johnny     if you already know my music   thumb this up  because you found it this way  too     if you want to hear original songs completely made by   person  continue reading   i sing  write original music lyrics  amp  play guitar  bass  drums  amp  keyboards  i     m a   man band  my music is completely independent  amp       listener supported  if you want to hear it  amp  if you     re willing to help record new album   click on my name picture   enjoy the music   wish you awesome day ,1,0,"0,-1,-1,-1,-1,-1,0,-1,0",3
z125cdgp4qvxtpcj204cgbjjllbsj3zxdfo,Tiffany Isaiz,2014-10-02T22:53:52,our beautiful bella has been diagnosed with wobbler s syndrome  there is no  way we could afford to do her mri or surgery  she is not just a dog she is  a very special member of our family  without the surgery we fear we will  lose her  please help   http   www gofundme com f ekgw,1,0,"-1,-1,-1,-1,-1,1,0,-1,0",3
_2viQ_Qnc69hCwlRZTPP7JejZgoroMu8egbziE1hSAc,Mini Mus,2013-08-29T12:28:03.233000,wow muslims are really egoistic          of the world population and not in this video or donating   dollar to the poor ones in africa    shame on those terrorist muslims,1,0,"-1,-1,-1,-1,-1,-1,0,0,0",3
_2viQ_Qnc69h-dBshypMERLv5by8Rf7I8TSLnP1Lnoo,Steven Slater,2013-10-15T09:56:19.653000,being paid to respond to fast paid surveys from home has enabled me to give up working and make more than      bucks monthly   to read more go to this web site bit ly  bsefqe,1,0,"-1,-1,-1,-1,-1,-1,0,0,1",3
z13uwn2heqndtr5g304ccv5j5kqqzxjadmc0k,Corey Wilson,2015-05-28T21:39:52.376000, a href  http   www youtube com watch v kq zr kcpj  amp t  m  s        a  best part,0,1,"-1,-1,-1,-1,-1,1,-1,1,0",3
z13zety5rwintlwlp23jtf5gxtalhlqrx04,Lynda Johnson,2015-05-28T15:19:53.599000,this is the  nd most best song when im gone by m amp m,0,1,"0,-1,-1,-1,-1,-1,-1,1,0",3
z13uxtggrz25vlgcy225xf5yqweagnrra04,rachel perez,2015-05-25T14:05:18.188000,the song is sad,0,1,"0,-1,-1,-1,-1,-1,0,1,-1",3
z13vxnwwdxjqtlp5v04chjpw1waps5rrbqo0k,Punk 0utlaw,2015-05-19T06:14:30.089000,this song is like an oreo  the black part is good but the white part is better,0,1,"0,-1,-1,-1,-1,-1,-1,1,0",3
_2viQ_Qnc6_ZYkMn1fS805Z6oy8ImeO6pSjMLAlwYfM,mile panika,2013-11-03T14:39:42.248000,i absolutely adore watching football plus ive started earning income with out risk from claiming bonus deals  its a weird technique where you put money on something with one bookmakers and put money against it on betfair  you acquire the bonus as income   a lad named jim vanstone is selecting the wagers free on his website vanstone secrets  google it    i have generated about     quid so far  and its free  i assume the bookmakers pay him to get new men and women  but it succeeds ,1,0,"-1,-1,-1,-1,-1,-1,0,0,1",3
LneaDw26bFuYQhgPVcKoJxOS7aSiV7l-Ce25QwQEabw,Josephine Monti,, facebook password hack       facebook pass hack     blogspot com only      working software for hacking any facebook password  it     s free for download and breaks any password in       minutes       virus free  for details and free download please visit facebook pass hack     blogspot com ,1,0,"-1,-1,-1,-1,-1,-1,0,0,1",3
_2viQ_Qnc68YBtosyTVGLy_Fs4YYXoiWd5-wKXnaIw4,celebsongspoof,2013-10-27T19:00:17.015000,hey guys whats up  i found this app that lets you get free gift card vouchers like psn cards x box live cards and even amazon gift cards  for free  all you have to do is  simply just download the app from the app store  it is called juno wallet  all you have to do is just sign up for the app and then complete a few surveys or just download some other free apps and you get money like    cents  also  if you type in the code im         you will also start off with       free   ,1,0,"-1,-1,-1,-1,-1,-1,0,1,0",3
LneaDw26bFsY5GVSw7Ysrp_qYtM0fQNxxmgXMIejcys,Pedazo Astur,,this guy win dollars sleeping    m m m he loves the planet its full of retards,1,0,"-1,-1,-1,-1,-1,-1,0,0,0",3
z12hsdhwjqesj54wz04cc5aikwemsrarvak,Ben Romanucci,,im gonna share a little ryhme canibus blows eminem away a quadrillion times especially about the categories of intelligent things in his mind  that he learned and rapped about and forgot before eminem spit his first ryme luv ya linz  e,1,0,"-1,-1,-1,-1,-1,-1,0,0,1",3
z13cvpcyiqr5xnfmj235exiwvlqre514d04,Viv Varghese,2015-05-25T08:59:50.837000,the best fifa world cup song for sure ,0,1,"0,-1,-1,-1,-1,-1,0,1,-1",3
z13rs3fimnydzjdu423qudibdzm0sbyjh04,johnlord joaquino,2014-10-10T11:31:33.153000, m subscribers but look at the views its     million wtf  p,1,0,"-1,-1,-1,-1,-1,-1,0,0,0",3
z12nippylqvqshgqb04cdbgywx3kcxhgfug0k,Captain Liverpool,2015-03-31T13:56:40.139000,please suscribe i am bored of   subscribers try to get it to    ,1,0,"-1,-1,-1,-1,-1,-1,0,0,1",3
z13wtxw41lucynljt04cits4yxmsht0qjrg0k,Marshmallow Kingdom,2015-05-20T12:38:04.230000,best party song literally party rock is in the housee tonight    ,0,1,"0,-1,-1,-1,-1,-1,-1,1,1",3
z13etj0bclzfztuwc04cgfvrgmf3fvjor1g,Jose Renteria,2013-11-29T00:22:01,we are an edm apparel company dedicated to bringing you music inspired  designs  our clothing is perfect for any rave or music festival  we have  neon crop tops  tank tops  t shirts  v necks and accessories  follow us on  facebook or on instagraml for free giveaways news and more   visit our site  at oncueapparel,1,0,"-1,-1,-1,-1,-1,-1,0,1,0",3
z12sfpazjvv3s3tss23hdhgacwasjjemb,breathinsoul,2015-05-26T22:21:28.011000,its funny that mahogany is there lmao  i actually didn     t know that her brother and uncle are part of lmfao,0,1,"-1,-1,-1,-1,-1,-1,1,0,1",3
z120tv4aborbjtpuo22ecxvx2rqmsrhck,Paige Lebrun,2015-05-26T23:25:22.172000,lmfao   party rock anthem ft  lauren bennett  goo   a href  https   youtu be kq zr kcpj   https   youtu be kq zr kcpj   a       br   box man got some moves   d he makes meh smile,0,1,"-1,-1,-1,-1,-1,1,-1,1,0",3
z122wfnzgt30fhubn04cdn3xfx2mxzngsl40k,Bob Kanowski,2013-11-28T12:33:27,i turned it on mute as soon is i came on i just wanted to check the  views   ,0,1,"-1,1,-1,-1,-1,-1,-1,0,0",3
_2viQ_Qnc6-G71VMp3dR76dfQTcrRHpiNXJh2jm8V_M,Johnny Rei Vlog,2013-07-18T16:50:26.909000,hi  this is johnny     if you already know my music   thumb this up  because you found it this way  too     if you want to hear original songs completely made by   person  continue reading   i sing  write original music lyrics  amp  play guitar  bass  drums  amp  keyboards  i     m a   man band  my music is completely independent  amp       listener supported  if you want to hear it  amp  if you     re willing to help record new album   click on my name picture   thank you  amp  enjoy the music   wish you awesome day ,1,0,"0,-1,-1,-1,-1,-1,0,-1,0",3
z13ect4j2km1gnhhu04cdfmwnmbkvn45x20,Cléda Dimitri,2014-08-16T07:24:50,http   www rtbf be tv emission detail the voice belgique toutes les auditions auditiondetail  emissionid      amp id      please join me to the voice liked and shared it please to win more audition  score  thanks so much,1,0,"-1,-1,-1,-1,-1,1,-1,0,0",3
z12qfjubxk2iftnwk04chp5amsmmuvpwh5w,FaceTheFacts,2014-11-08T07:07:44,you know a song sucks dick when you need to use google translate to know  what the fuck its saying ,0,1,"0,-1,-1,-1,-1,-1,-1,1,0",3
z124inzqgoyeh33uw23iibficv2kuf2nx,anthony Jennings,2014-11-07T23:26:04,people who say that  this song is too old now  there s no point of  listening to it  suck  just stfu and enjoy the music  so  your mom is old  too but you still listen to her right     ,0,1,"0,-1,-1,-1,-1,-1,-1,1,0",3
z12bxv4olmv3j1i2w232y5awruz3i1rva,J STROMMER,2014-08-11T17:32:00,take a break from katie and help me reach     subscribers this month   new  music and free downloads  ,1,0,"-1,-1,-1,-1,-1,-1,0,1,0",3
z12jud4o3n34v5wph04ce3db0y2njn55gog0k,Kaya Roberts,2014-11-02T20:00:37,admit it you just came here to check the number of viewers ,0,1,"-1,1,-1,-1,-1,-1,-1,0,1",3
z123uflrqpqwzvhts23pfr3jht3ue1kaf04,Mike Music,2014-08-18T14:24:05,is in top      in youtube top views   on   is miley cyrus  http   www google ro url sa t amp rct j amp q  amp esrc s amp source web amp cd   amp ved  cb qfjaa amp url http  a  f  fen wikipedia org  fwiki  flist of most viewed youtube videos amp ei oq yu dwc l yqoyo goaw amp usg afqjcngkm idplal kuvkoekvgdtt jvlq amp sig  onqzzad q cmnbe nml ga amp bvm bv          d bgq amp cad rja ,1,0,"-1,-1,-1,-1,-1,1,-1,0,0",3
z13fwnbh5qusx1olr23bcfgjbxiljjv4u04,Flynn Rider,2014-08-20T19:04:01,watch maroon   s latest  nd single from v  it was always you  www youtube  com watch v tq   fuau  ,1,0,"-1,-1,-1,-1,-1,-1,0,1,0",3
z12xxjkwevvjzvvms22xz3sjqovty3qip04,Prim N.,2014-11-02T22:48:21,just coming to check if people are still viewing this video  and  apparently  they still do ,0,1,"-1,1,-1,-1,-1,-1,-1,0,1",3
z134ub2pemn1jjarh04cdb14yqagxpqy1e4,Rusty Cohle,2014-08-30T15:22:54,the treu detective alternate ending     http   www funnyordie com videos d  fb      true defectives,1,0,"-1,-1,-1,-1,-1,1,-1,0,0",3
z122srjbvovwzxg0522yd1i4ty3kznxqs04,Warrdrew,2014-11-07T07:46:57,i m here to check the views   holy shit,0,1,"-1,1,-1,-1,-1,-1,0,0,-1",3
z12yxpmqktb4zxptp221j3njlmjbtfgmi,VitalXtreme,2014-09-04T03:56:53,yay im the   th commenter                                         if your  crazy please donate bitcoins to me at   fhenqx twqm   v ptayiejnealahzvem,1,0,"-1,-1,-1,-1,-1,-1,0,0,0",3
z132yfjb1q2aupnvp224it3zdlfgebvxy04,Adrian Skalak,2014-11-07T08:19:37,http   www ermail pl dolacz v veygin click  http   www ermail pl dolacz v veygin  http   www ermail pl dolacz v veygin  http   www ermail pl dolacz v veygin  http   www ermail pl dolacz v veygin  http   www ermail pl dolacz v veygin  http   www ermail pl dolacz v veygin,1,0,"-1,-1,-1,-1,-1,1,-1,0,0",3
z124g1oy2wfitb3tw23bw1po2ozhurojq04,LaunchPad Mad,2014-11-07T18:11:56,hello  i m kind of new to youtube  and soon i m soon going to be making  launchpad video s   d i would really appreciate if i got some subs before i  started so that people can spot me easily  i dont really care about hate  comments so dont bother    ,1,0,"-1,-1,-1,-1,-1,-1,0,0,1",3
z13xslra3myri3jsn22hs1wxbyuvxplr004,Arianna Leighton,2014-11-03T23:02:47,does anyone here use gift cards like amazon  itunes  psn  google play   itunes  or any other gift cards  then you ll be happy to know you can get  free gift card codes for free from an amazing site  here is a     itunes  gift card code xxbb tczhm  hvzd,1,0,"-1,-1,-1,-1,-1,-1,0,0,1",3
z13csxapuz2ggji2n23dsfhobq30yhle1,Doris Chew,2014-11-08T06:29:16,the little psy is suffering brain tumor and only has   more months to live   please pray to him and the best lucks ,0,1,"-1,-1,-1,-1,-1,-1,1,0,1",3
z13tj514otzlurfbc04ccjwhrnmej1iihqw0k,Brandon Pryor,2014-01-19T00:36:25,i dont even watch it anymore i just come here to check on   billion or not,0,1,"-1,1,-1,-1,-1,-1,-1,0,0",3
z13ucxa51rnftvu2j22if5oihq2qipjlp,Kochos,2014-01-20T17:08:37,i check back often to help reach  x     views and i avoid watching baby,0,1,"-1,1,-1,-1,-1,-1,-1,0,0",3
z12icv3ysqvlwth2c23eddlykyqut5z1h,Eric Gonzalez,2015-05-28T20:47:12.193000,            lets make it first female to reach one billion   share it and replay it  ,0,1,"-1,-1,-1,-1,-1,-1,-1,1,0",2
z12afj2p2pniy1idm23wclt4ox2wujzj004,Ernest Foli,2015-05-25T21:08:10.798000,fave song,0,1,"0,-1,-1,-1,-1,-1,-1,1,-1",2
z13xsxxqlxnzz3d3g22wfjx5lsrjgpaic04,MasterRobotTV,2014-11-06T05:40:43,http   www twitch tv zxlightsoutxz,1,0,"-1,-1,-1,-1,-1,1,-1,0,-1",2
z12zfn0hzpazglcqa04cel05ixmujrq4ns40k,Supernatural Kubilay,2015-05-28T07:23:37.637000,eminem and rihanna sing the song very well ,0,1,"0,-1,-1,-1,-1,-1,-1,1,-1",2
LneaDw26bFv1lZ_yx4_HlVx6xNa0xuiUmgoIsxkWJ3E,seven4justice,,media is evil  please see and share  w w w  the farrell report  net  top ex uk police intelligence analyst turned whistleblower tony farrell exposes a horrific monstrous cover up perpetrated by criminals operating crimes from inside mainstream entertainment and media law firms  beware protect your children   these devils brutally target innocent people  these are the real criminals linked to london     s     attacks        must see and make viral    also see uk column video on   st january      ,1,0,"-1,-1,-1,-1,-1,-1,0,-1,1",2
LneaDw26bFsdjmaguMUCSqsUShQZWX4FLU2c58BV1mM,diabeat diaBEAT,,i agree they are just damn spammers  they suck  im trying to do the same and get known  i know the feeling  i will help you out and leave likes and comments on your page  i hope you could do the same and maybe subscribe to me that would be awesome thanks,1,0,"-1,-1,-1,-1,-1,-1,-1,0,1",2
LneaDw26bFvtmJorLbUQjuqmpL7TdjOKPGJT_DGUUJ4,louis canellony,,watch youtube video  quot eminem  ytma artist of the year quot  plz share to vote   ,1,0,"-1,-1,-1,-1,-1,-1,-1,0,1",2
z12bv5zxvpryjjspn04cdfwz5lrtzjhooqw0k,Peter Johnson,2014-11-06T01:44:12,get free gift cards and pay pal money ,1,0,"-1,-1,-1,-1,-1,-1,0,0,-1",2
z12tzt2pluixhpbs4221xveiiqafd3epw04,PacKmaN,2014-11-06T18:23:21,hey again if you guys wouldnt mind chacking out my rap give it like and il  giver   of your vids a like,1,0,"-1,-1,-1,-1,-1,-1,-1,0,1",2
LneaDw26bFtg4S7L4GethprEUChZq3UF60r8hc2sHYE,spamworld2009,,share eminem     s artist of the year video so he can win  we could see a performance and acceptance speech  like this comment so everyone can see           year of eminem,1,0,"-1,-1,-1,-1,-1,-1,-1,0,0",2
z12pgx55amraefo3423kchdy1tmeu1avo,Darth Vaderbro,2014-09-20T00:05:45,if interested in making extra money by internet use the next link www swagbucks com refer nonturtle  ,1,0,"-1,-1,-1,-1,-1,-1,-1,0,1",2
z13yi50hjzqgitubv04cfhzyby3ystsrh5g,adey lanre,2015-05-25T16:39:15.791000,one of the best song of all the time,0,1,"0,-1,-1,-1,-1,-1,-1,1,-1",2
_2viQ_Qnc69wKf5GrJmQ5IZqKaEKr-rIjB5OqBC1Y_M,HowToMakeALotOfMoneyFast,2013-10-18T16:44:51.714000,how to make a lot of money fast,1,0,"-1,-1,-1,-1,-1,-1,0,0,-1",2
z13sx1mitrmpcls3f22hi5ep1yq5cvmld,roflcopter2110,2014-11-04T02:22:06,http   thepiratebay se torrent         timothy sykes collection,1,0,"-1,-1,-1,-1,-1,1,-1,0,-1",2
z13hgfzhnrj3sx0m222sfbo4drq1e5xyp04,Meth Lover,2014-11-03T20:32:26,http   binbox io  firo    ,1,0,"-1,-1,-1,-1,-1,1,-1,0,-1",2
_2viQ_Qnc69N53yIJS3ZrRHmdbS1qZLnkXgodzIegJM,BloggerGaming2229,2013-10-16T19:05:33.329000,message     gta v       fifa         ps         galaxy s  mini       ipad           visit the site hh nl,1,0,"-1,-1,-1,-1,-1,-1,-1,0,0",2
z12rgllzmwnfuba4h04ch3njgy2fg3ryerg0k,Eanna Cusack,2014-01-20T22:20:59,im just to check how much views it has,0,1,"-1,1,-1,-1,-1,-1,-1,0,-1",2
_2viQ_Qnc6-grcnVFTtwnhvC9tpgVG33p5a0AZHKlLI,James Cook,2013-10-14T10:35:03.861000,hello guys   i found a way to make money online you can get paid to mess around on facebook and twitter  get paid upto     to     an hour   only at  netjobs com work from the comfort of your home    they are currently hiring people from all over the world  for a wide range of social media jobs on sites such as facebook twitter and youtube you don     t need any prior skills or experience and you can begin work immediately  you can easily make       to        monthly incomeonly at  netjobs com,1,0,"-1,-1,-1,-1,-1,-1,-1,0,1",2
_2viQ_Qnc69BVRuBYCJ6ik7gdMwTiBRS9DDnTjNs-Gg,James Cook,2013-10-10T18:08:07.815000,hello guys   i found a way to make money online you can get paid to mess around on facebook and twitter  get paid upto     to     an hour   only at  netjobs com work from the comfort of your home    they are currently hiring people from all over the world  for a wide range of social media jobs on sites such as facebook twitter and youtube you don     t need any prior skills or experience and you can begin work immediately  you can easily make       to        monthly incomeonly at  netjobs com,1,0,"-1,-1,-1,-1,-1,-1,-1,0,1",2
_2viQ_Qnc6-dfXGv_qVn1mdoRB9dAfp4ppjUsNu-GDU,OnlineJobs99,2013-10-07T03:35:34.267000,hello guys   i found a way to make money online you can get paid to mess around on facebook and twitter  get paid upto     to     an hour   only at  netjobs com work from the comfort of your home    they are currently hiring people from all over the world  for a wide range of social media jobs on sites such as facebook twitter and youtube you don     t need any prior skills or experience and you can begin work immediately  you can easily make       to        monthly incomeonly at  netjobs com,1,0,"-1,-1,-1,-1,-1,-1,-1,0,1",2
_2viQ_Qnc6_xOpLcxFFeUEgEYvQjttGcFYeMZ2lK4yY,Pyles Baxter,2013-10-03T01:52:36.990000,  haha   miley cyrus has done it once again  today someone leeched a porno video with her on a celeb site   i believe the website link is   miley celeb news co uk in case you want to view it     ,1,0,"-1,-1,-1,-1,-1,-1,-1,0,0",2
z12stpyqaonsercxw04cjbr4dlnrxd34soo0k,Phuc Ly,2014-01-20T15:27:47,go here to check the views   ,0,1,"-1,1,-1,-1,-1,-1,-1,0,-1",2
_2viQ_Qnc69wycunZGebHhH3CnhNYYLjUzHrnXdzkV8,How To Advertise On Facebook,2013-09-01T16:16:00.721000,ways to make money   k per month search google now  gt  gt   nl me make money without investment  ,1,0,"-1,-1,-1,-1,-1,-1,-1,0,1",2
_2viQ_Qnc6-76PJqtBpzwmOHbogHlzWG9RSSpe-Kr1s,Maika Kate Mish Linn,2013-08-31T08:59:35.957000,how did you know that people makes another account just for subscribing itself and liking      ,1,0,"-1,-1,-1,-1,-1,-1,-1,0,1",2
z13autsqgzblcx3w104chr4r2kexd10rxc0,DropShotSk8r,2014-01-19T04:27:18,came here to check the views  goodbye ,0,1,"-1,1,-1,-1,-1,-1,-1,0,-1",2
_2viQ_Qnc6-m9RqGULP5B8P1SH2WqvKu3TnN7rBk2CI,henry Richardson,2013-08-24T05:53:21.519000,wanna earn money online without investment     just visit this link      therglove blogspot in         blog post    html,1,0,"-1,-1,-1,-1,-1,-1,-1,0,0",2
_2viQ_Qnc6_fFzltk8kvomVzwfkCdIZApG5fa2-gZRw,Diaz Katherine,2013-08-17T21:11:39.761000,earn money for being online with   efforts     bit ly   gkvdo,1,0,"-1,-1,-1,-1,-1,-1,-1,0,1",2
_2viQ_Qnc6870xv47G-__kc0IimrvnGFcLXaLnJsiFE,Edward Wright,2013-08-11T05:23:08.533000,hey  hit this shit up while yall can  they killed the versace remix  just type in cge  quot versace freestyle  get money  quot  shot by ja wan gardner and help them reach   million views ,1,0,"-1,-1,-1,-1,-1,-1,-1,0,0",2
z13whrhzczjfx5ozo04chrtiyzunjjewwlk0k,YOU ARE NOW WASTING SECONDS OF YOUR LIFE BY READING THIS LONG STUPID NAME WHICH MAKES NO SENSE!,2014-11-07T22:41:04,this comment is wrong,0,1,"-1,-1,-1,-1,-1,-1,0,1,-1",2
z12cjdywboihdxu5d04celsj0m2vjzrwk0k,DrPunkable,2015-05-20T17:39:26.476000,okay  this should cover me for some time    thumbs up if you     re watching while youtube still exists ,1,0,"-1,-1,-1,-1,-1,-1,-1,0,0",2
z13hyv0ixuavuliyt04cix1j5t3qgpggce4,Paul Hannam,2014-08-25T05:37:22,in what south american jungle or any jungle for that matter do you find an  african elephant and a bengal tiger in the same place  who made this video ,0,1,"-1,-1,-1,-1,-1,-1,-1,1,0",2
z13jhnc5bozpyx01123nz5ky5yjksrdzm04,restlesswikiinfo,2014-11-08T10:03:32,if i knew korean  this would be even funnier  at least a bit at the end was  in english  but was spoken quite rapidly ,0,1,"-1,-1,-1,-1,-1,-1,-1,1,0",2
z13ms12adsbdjbdds23nctrqsq2qhtose,Angela Alor,2015-05-20T19:53:57.924000,how do you put a picture for your image thingie    ,1,0,"-1,-1,-1,-1,-1,-1,-1,0,1",2
z12ovv2xcmmtv5exl04cdxe4ql31dd2jiy00k,Liu Chu Yi,2014-11-08T13:12:10,i am so awesome and smart    sucscribe to me ,1,0,"-1,-1,-1,-1,-1,-1,0,0,-1",2
z12wz33h0vbdcdel022hu3npdufjjx2mv,Kelsey bolley,2014-11-08T07:25:39,wow this video is the most viewed youtube video   second that comes justin  bieber  baby smh what has the world come to,0,1,"-1,-1,-1,-1,-1,-1,-1,1,1",2
z132jbmxfqm4fjysg23nwjfb2mv2vxnua,Decio Alves Martins,2015-06-05T19:29:20,katy perry  i am the  dcio cabelo    decio hair   i am    years of age  i  don t have family  i m single  alone  homeless  i was an alcoholic     at  the age of     i am an invisible composer  my dream is to record my songs   could you help me  please  please  i trust that the you will give me a  chance  i have     videos in the youtube  deciocabelo canal  katy perry  i  was born in october     too  thank you very much    decio hair ,1,0,"0,-1,-1,-1,-1,-1,-1,-1,0",2
z12dixvi2qepuhb4o04chpd5exjdx3oqdic,DropItLikeItsSloth,2014-11-11T19:38:11,just came here to check the views  p,0,1,"-1,1,-1,-1,-1,-1,-1,0,-1",2
z12jeraoczqvvbkmz23hsbcptweedlrxx04,BIGMOFO Tonkatruck,2014-11-12T06:26:42,just came to check the view count,0,1,"-1,1,-1,-1,-1,-1,-1,0,-1",2
z12gyripbnbehdria04ccn2jxlqkwjhqbio,Damn Son,2015-05-19T03:49:19.732000,thumbs up if fe fe fe fe fegelein brought u here,1,0,"-1,-1,-1,-1,-1,-1,-1,0,1",2
z13cy1hhuzuuz3m3n23jhbo4bsylj1rt5,Fred Courroie,2015-05-18T02:58:22.855000,laughing my fucking ass off   ,0,1,"-1,-1,-1,-1,-1,-1,1,0,-1",2
z13wg12iskysxzuhi04cdhcxam2wdxfi4hk,Nina Mackie,2015-05-17T09:07:30.578000,take a look at this video on youtub br   you,1,0,"-1,-1,-1,-1,-1,-1,-1,0,0",2
z125zdpzksrzyt10m232x1cpcobdjduoo04,Pj Jessie,2015-03-22T01:04:09.486000,omg can this be the first video on youtube to hit   billion views like this comment of you agree ,1,0,"-1,-1,-1,-1,-1,-1,-1,0,0",2
z12is34ysrzoy3uwl04cctlxmrekjfuhvig,Mike Bennett,2014-08-07T19:40:18,http   www twitch tv daconnormc,1,0,"-1,-1,-1,-1,-1,1,-1,0,-1",2
z13eglu51lmgxbhj304cfh2ifo3phfqwa3k,Maximus Decimus Meridius,2015-03-21T19:57:26.765000,  br   please help me get     subscribers by the end of the night  thx,1,0,"-1,-1,-1,-1,-1,-1,-1,0,1",2
z12ztdojvxyhy3bpc04cf34jnnrnfpuyj1c,Harrys Edits,2014-11-08T10:05:40,if i reach     subscribers i will go round in public pouring a bucket of  ice water over people and then running away acting like it wasn t me  like  so people can see  ,1,0,"-1,-1,-1,-1,-1,-1,-1,0,1",2
z134htdz0kjvgbd5w04cebardrm5zp15mw40k,Matt Twine,2014-10-10T16:24:57,nice song  see my new track ,1,0,"0,-1,-1,-1,-1,-1,0,-1,-1",2
z13jcrsplozwthwj204cdpspeobusp3ie54,roflcopter2110,2014-09-19T23:15:14,http   thepiratebay se torrent          the expendables        dvdscr xvid dingo ,1,0,"-1,-1,-1,-1,-1,1,-1,0,-1",2
z13qehwbnsfyvpaa004cdt0yqzqiy5mo2bk,Youyou A.,2014-10-21T15:20:49,i make guitar covers  please have a look at my channel,1,0,"-1,-1,-1,-1,-1,-1,-1,0,1",2
z13ecbgzonmri3yjj04cj14ooragi1ij450,Kingphillip9,2015-03-20T22:24:23.394000,   br         br      o     br             br            br    br       you have been spooked by the spookinati br    br     share this to     people to be unspooked br    br    br    br    br    br    br    br   ,1,0,"-1,-1,-1,-1,-1,-1,-1,0,0",2
z132ep1gxunohv3as04cgjsomlfhtnc5pwo0k,Jephone Cañas,2015-03-01T11:29:19.167000,this video has     m views br   and the channel got  m subscribers,1,0,"-1,-1,-1,-1,-1,-1,-1,0,0",2
z13ncdbb1urrxdhcs22gfp35gkqiuhgcr,Neo Joey,2014-09-10T09:09:57,katy perry is and inspirational singer her voice is awesome and i loved her  so much   she achieved music history and i couldn t believe that   guys if  you could take  min to go to my channel and watch my first video i would be  greatly thankful for this    ty guys n katy is still awesome xoxo,1,0,"-1,-1,-1,-1,-1,-1,0,-1,0",2
z13lwjvwbrqgdrdut22qhf54gvqwuz1nv,Thalia Grace,2014-09-14T15:55:13,this comment will randomly get lot s of likes and replies for no reason  i  also like jello  strawberry jello ,0,1,"-1,-1,-1,-1,-1,-1,-1,1,0",2
z13ighypdmuywprvc222crt42va2ctluz,Vena Veno,2014-09-17T22:22:44,she loves vena  trojmiasto pl vena bus taxi o      html,1,0,"-1,-1,-1,-1,-1,-1,-1,0,0",2
z12rwfnyyrbsefonb232i5ehdxzkjzjs2,Lisa Wellas,,              lovely girl talk to me xxx,1,0,"-1,-1,-1,-1,-1,-1,0,0,-1",2
z13qe1myote4hhwox04chrdxbv30dhraerc0k,hunter braddock,2014-11-08T06:36:41,for all of the little kidz out there there is like   to   billon people on  earth not   to   millon get you facts straight before posting comments ,0,1,"-1,-1,-1,-1,-1,-1,-1,1,1",2
z134yz2xnujfdnky504cfjnrxuu2vbpgmhk,ZeroxAbood677,2014-08-07T13:57:40.272000,nezo and ed br   like amp share this page on facebook please,1,0,"-1,-1,-1,-1,-1,-1,-1,0,1",2
_2viQ_Qnc6-nD73Whq8IPs5SpJ3v8OO6PlgvyoopAqQ,Merabi Mazmaniani,2013-10-10T09:39:11.008000,please visit this website  oldchat tk,1,0,"-1,-1,-1,-1,-1,-1,-1,0,-1",1
z13zuxpykozmevuf222nh5vr3taqvbqun,Thomas sea,2014-11-09T04:49:20,please throw a sub on my channel,1,0,"-1,-1,-1,-1,-1,-1,-1,0,-1",1
_2viQ_Qnc6-oktCjZuAEscq8DxT2RHFY1nfSS_hCWf0,Wafence,2013-09-04T19:16:44.109000,hey youtubers and all music lover     s  guess most of you all skip these comments  but for you who is still reading this  thanks   i dont have any money for advertisiments  no chance of getting heard  nothing  all that     s left is spam  sorry  im     rapper singer from estonia  please listen my new cover on my account  you wont regret it  give me just a chance  please  take half a second of your life and thumb this comment up  it will maybe change my life  for real  thank you wafence ,1,0,"-1,-1,-1,-1,-1,-1,-1,-1,0",1
_2viQ_Qnc68tZfiBq8O7pExj1MmWcnorsu-kyc0Jz8Q,Merabi Mazmaniani,2013-10-09T14:20:36.334000,please visit this website  oldchat tk,1,0,"-1,-1,-1,-1,-1,-1,-1,0,-1",1
_2viQ_Qnc6-jidHqOHj6hf4XnhflHNGicw4dL1vZRvQ,DizzyDank314,2013-09-07T20:04:51.947000,          ,1,0,"-1,-1,-1,-1,-1,-1,-1,0,-1",1
_2viQ_Qnc68ohvE0UyLK_gdOAe__2iDVi8CqVB97qeA,How To Make Money On The Internet,2013-08-21T14:18:11.087000,i can to make money,1,0,"-1,-1,-1,-1,-1,-1,-1,0,-1",1
_2viQ_Qnc6-1fj_YPI5S4X9e9VnvAzoykRbwZGAlYgo,emoclew71,2013-10-04T19:18:44.700000,              gangnam style   ,1,0,"-1,-1,-1,-1,-1,-1,-1,0,-1",1
z135jfhquofkjjxam04cdraphzuxxry4iso0k,Shaun Mac,2014-10-26T20:10:46,also luckymusiqlive she probably could help u make it big because i think u  have talent  just look her name up on the internet  hit me up when u get  this message,1,0,"-1,-1,-1,-1,-1,-1,-1,-1,0",1
z12lhjtxlsisx55yu04cjp3x2mnmu34bh3g,Shirley Lim,,take a look at this video on youtube ,1,0,"-1,-1,-1,-1,-1,-1,-1,0,-1",1
z12ttjopmofst1gpp04cc5ezywjrwntjrc0,x Judda,2014-11-08T07:19:29,we get it  you came here for the views    ,0,1,"-1,-1,-1,-1,-1,-1,-1,1,-1",1
z12tgphxmvmizr5h104cjzr5rle3tftgch0,joann belin,2015-05-23T16:13:56.684000,give it a like,1,0,"-1,-1,-1,-1,-1,-1,-1,0,-1",1
z135fnx4ntvdx1rzn04cih1ihmqtsrbzcno0k,Backup Plus,2014-11-03T17:39:07,suscribe my channel please xd lol,1,0,"-1,-1,-1,-1,-1,-1,0,-1,-1",1
z12ruf1qbzv5xxdqq04cgjmiknmhx1mq314,Playboy 808,2015-05-28T17:25:06.652000,fuck eminem  bieber is the best  lt  ,0,1,"-1,-1,-1,-1,-1,-1,-1,1,-1",1
z12gxdortqzwhhqas04cfjrwituzghb5tvk0k,Muhammad Asim Mansha,,aslamu lykum    from pakistan,1,0,"-1,-1,-1,-1,-1,-1,-1,0,-1",1
z12fy55oxki3u1ryi04cjprhawawcvkzivo0k,GORHD/TV Studio,2014-11-25T16:15:50.566000,subscribers please ,1,0,"-1,-1,-1,-1,-1,-1,-1,0,-1",1
z13my12oyyrxdzfj204chp5pnryfe11wrbk,SuperPanic3,2015-01-17T20:26:39.026000,like and subscrib if you watch in        ,1,0,"-1,-1,-1,-1,-1,-1,-1,0,-1",1
LneaDw26bFtwtT8_LopWaaxY8Oyx9gsb7cJXYi2g9_E,Brandtastic 1080,,hay dakota u earned a subscribee,1,0,"-1,-1,-1,-1,-1,-1,-1,0,-1",1
z13yy52qimylh3vbe04cjx2rktq0y1kxmy40k,santi1525 deadzone,2015-03-01T01:10:10.980000,los invito a subscribirse a mi canal,1,0,"-1,-1,-1,-1,-1,-1,-1,0,-1",1
z13actcqdm31slqqu04cctub4n2nw1swwy00k,Sean Ortiz,2014-11-06T16:48:02,incmedia org where the truth meets you ,1,0,"-1,-1,-1,-1,-1,-1,-1,0,-1",1
z12xirno0xvlwfz0o22rexjrlyuzyjttn,KING CAPP,2015-05-26T02:31:39.111000,          were the years for pop,0,1,"-1,-1,-1,-1,-1,-1,-1,1,-1",1
z13mtrjqsqzliho5w04cex3zmoqfvnpgyys0k,FatPocketsTv,2014-11-06T09:49:14,search  chubbz dinero   ready or not   thanks ,1,0,"-1,-1,-1,-1,-1,-1,-1,0,-1",1
z12ddzwatzqijxh5p04cfnc5stnkjhbr3zg0k,tommy rincon,2015-05-24T20:59:37.012000,     and more    ,0,1,"-1,-1,-1,-1,-1,-1,-1,1,-1",1
LneaDw26bFtoHCZ_b-m1MyTEpaNHWvF8VmCFhVRFMgU,HEADSHOT946,,look and shares my video please  d,1,0,"-1,-1,-1,-1,-1,-1,-1,0,-1",1
LneaDw26bFuFgDF5yE6Udiuv2lqie4iaimFPdN7rvYk,Nikola Vejionvic,, watch v aimbwbfqbzg watch and subscrible,1,0,"-1,-1,-1,-1,-1,-1,-1,0,-1",1
z12ojfkgxxrxurgvz23vxxjg2rabwlikn,Mason Pearce,2015-05-18T07:12:10.556000,like if ur watchin in                                                                                                                                                                                                                                                                                                                                                                    ,1,0,"-1,-1,-1,-1,-1,-1,-1,0,-1",1
z131i14binnjjtrnn224e5yw5re0jxtmf,emrah England,2015-05-19T22:10:02.515000,take a look at this video on youtube ,1,0,"-1,-1,-1,-1,-1,-1,-1,0,-1",1
z132ed545qrhytxr404ch1q43uuyzrdwnqs0k,Niecee Sumling,2015-05-20T07:52:09.296000,more views than nikki minaj anaconda,0,1,"-1,-1,-1,-1,-1,-1,-1,1,-1",1
z121ireiytz2f1xzz04cc5fznlnchb1jphg,Toby Bywater,2015-05-25T01:47:45.053000,thumbs up if your watching in     ,1,0,"-1,-1,-1,-1,-1,-1,-1,0,-1",1
z123ydw50qjkfzm5s04cdlzziubxtz0ijfk,redouane najja,2015-05-23T08:57:27.240000,fuck it was the best ever            nummber of patrik kluivert his son share  ,1,0,"-1,-1,-1,-1,-1,-1,-1,-1,0",1
z13tyhj4drvcxzllt222tvwp3qi1e34ju04,Inga Lomidze,,like please,1,0,"-1,-1,-1,-1,-1,-1,-1,0,-1",1
z134y1ki5svvwt43i23wz5kqsxmaettuu,AlabaGames,2015-05-22T00:31:43.922000,subscribe my channel i recording fifa    goals watch now  d,1,0,"-1,-1,-1,-1,-1,-1,-1,-1,0",1
z13gu5abbqrhtz3sd235fbfysyemhzwb304,MR magic man,2014-09-25T10:42:47,please look at my channel,1,0,"-1,-1,-1,-1,-1,-1,-1,0,-1",1
